home_team,away_team,n,n_odd,avg_total_goals,seasons_seen,distinct_mds,n_even,pct_odd,pct_even,dominant,dominant_pct,home_tier,away_tier
London Guns,Aston Villa,896,445,2.431919642857143,527,30,451,49.67,50.33,Even,50.33,T1,T2
Wolverhampton,Aston Villa,887,386,2.827508455467869,529,30,501,43.52,56.48,Even,56.48,T3,T2
Brighton,Crystal Palace,881,530,2.5266742338251986,526,30,351,60.16,39.84,Odd,60.16,T2,T3
Everton,West Ham,874,501,2.3123569794050343,531,30,373,57.32,42.68,Odd,57.32,T2,T2
Chelsea,London Guns,873,545,2.8052691867124855,519,30,328,62.43,37.57,Odd,62.43,T1,T1
Fulham,Tottenham,873,453,2.3585337915234823,522,30,420,51.89,48.11,Odd,51.89,T4,T1
Tottenham,West Ham,872,442,2.8922018348623855,526,30,430,50.69,49.31,Odd,50.69,T1,T2
Brighton,Manchester Red,871,377,2.3960964408725602,524,30,494,43.28,56.72,Even,56.72,T2,T1
Manchester Blue,Brighton,871,426,3.118254879448909,537,30,445,48.91,51.09,Even,51.09,T1,T2
Brighton,Everton,870,400,2.296551724137931,528,30,470,45.98,54.02,Even,54.02,T2,T2
Liverpool,Bournemouth,869,331,2.756041426927503,523,30,538,38.09,61.91,Even,61.91,T1,T4
Everton,Tottenham,863,379,2.27694090382387,525,30,484,43.92,56.08,Even,56.08,T2,T1
Bournemouth,Manchester Red,863,492,2.500579374275782,520,30,371,57.01,42.99,Odd,57.01,T4,T1
Liverpool,Newcastle,863,460,3.068366164542294,524,30,403,53.3,46.7,Odd,53.3,T1,T3
Tottenham,Wolverhampton,863,430,3.003476245654693,527,30,433,49.83,50.17,Even,50.17,T1,T3
Crystal Palace,Liverpool,862,372,2.6310904872389793,520,30,490,43.16,56.84,Even,56.84,T3,T1
West Ham,Fulham,862,474,2.394431554524362,526,30,388,54.99,45.01,Odd,54.99,T2,T4
Newcastle,Wolverhampton,862,480,3.0672853828306264,523,30,382,55.68,44.32,Odd,55.68,T3,T3
Leeds,Tottenham,861,493,1.9686411149825784,532,30,368,57.26,42.74,Odd,57.26,T3,T1
Manchester Blue,Newcastle,860,361,3.263953488372093,511,30,499,41.98,58.02,Even,58.02,T1,T3
Leeds,Manchester Blue,860,432,2.1186046511627907,521,30,428,50.23,49.77,Odd,50.23,T3,T1
Aston Villa,Tottenham,859,350,2.3073341094295694,523,30,509,40.75,59.25,Even,59.25,T2,T1
Everton,Bournemouth,858,389,1.9475524475524475,522,30,469,45.34,54.66,Even,54.66,T2,T4
Manchester Red,Manchester Blue,858,422,2.526806526806527,528,30,436,49.18,50.82,Even,50.82,T1,T1
Leeds,Everton,855,341,1.6596491228070176,522,30,514,39.88,60.12,Even,60.12,T3,T2
Manchester Red,Wolverhampton,854,353,3.2634660421545667,521,30,501,41.33,58.67,Even,58.67,T1,T3
Crystal Palace,Chelsea,854,433,2.7365339578454333,518,30,421,50.7,49.3,Odd,50.7,T3,T1
London Guns,Newcastle,853,456,2.984759671746776,521,30,397,53.46,46.54,Odd,53.46,T1,T3
Manchester Red,Liverpool,853,398,2.827667057444314,514,30,455,46.66,53.34,Even,53.34,T1,T1
Leeds,Manchester Red,853,446,2.0586166471277845,524,30,407,52.29,47.71,Odd,52.29,T3,T1
Manchester Red,Bournemouth,853,378,2.7854630715123094,520,30,475,44.31,55.69,Even,55.69,T1,T4
Bournemouth,London Guns,853,393,2.484173505275498,513,30,460,46.07,53.93,Even,53.93,T4,T1
Fulham,Chelsea,851,399,2.4947121034077555,509,30,452,46.89,53.11,Even,53.11,T4,T1
Wolverhampton,West Ham,850,445,3.4505882352941177,518,30,405,52.35,47.65,Odd,52.35,T3,T2
Chelsea,Tottenham,850,503,2.82,517,30,347,59.18,40.82,Odd,59.18,T1,T1
Bournemouth,Everton,850,443,2.0694117647058823,509,30,407,52.12,47.88,Odd,52.12,T4,T2
Manchester Red,Leeds,850,351,2.5823529411764707,514,30,499,41.29,58.71,Even,58.71,T1,T3
Crystal Palace,Everton,850,415,2.104705882352941,525,30,435,48.82,51.18,Even,51.18,T3,T2
Fulham,Aston Villa,849,298,2.101295641931684,519,30,551,35.1,64.9,Even,64.9,T4,T2
Crystal Palace,Brighton,849,399,3.0541813898704357,514,30,450,47.0,53.0,Even,53.0,T3,T2
Crystal Palace,Manchester Red,849,488,2.664310954063604,522,30,361,57.48,42.52,Odd,57.48,T3,T1
Newcastle,London Guns,848,389,2.732311320754717,520,30,459,45.87,54.13,Even,54.13,T3,T1
West Ham,Brighton,848,354,2.349056603773585,519,30,494,41.75,58.25,Even,58.25,T2,T2
Manchester Red,Chelsea,848,535,2.7275943396226414,518,30,313,63.09,36.91,Odd,63.09,T1,T1
Fulham,Wolverhampton,848,498,2.410377358490566,514,30,350,58.73,41.27,Odd,58.73,T4,T3
Wolverhampton,Brighton,847,377,2.7638724911452184,514,30,470,44.51,55.49,Even,55.49,T3,T2
Liverpool,London Guns,846,451,2.937352245862884,518,30,395,53.31,46.69,Odd,53.31,T1,T1
Aston Villa,Chelsea,846,485,2.4645390070921986,516,30,361,57.33,42.67,Odd,57.33,T2,T1
Manchester Blue,Crystal Palace,845,526,3.2828402366863907,516,30,319,62.25,37.75,Odd,62.25,T1,T3
Wolverhampton,Leeds,845,473,2.3751479289940827,519,30,372,55.98,44.02,Odd,55.98,T3,T3
Newcastle,Tottenham,845,354,2.693491124260355,517,30,491,41.89,58.11,Even,58.11,T3,T1
Bournemouth,Wolverhampton,845,380,2.9633136094674555,518,30,465,44.97,55.03,Even,55.03,T4,T3
Fulham,Liverpool,845,420,2.182248520710059,515,30,425,49.7,50.3,Even,50.3,T4,T1
Brighton,Aston Villa,844,473,2.2334123222748814,514,30,371,56.04,43.96,Odd,56.04,T2,T2
Bournemouth,Aston Villa,844,344,2.381516587677725,508,30,500,40.76,59.24,Even,59.24,T4,T2
Manchester Blue,West Ham,844,385,3.6718009478672986,514,30,459,45.62,54.38,Even,54.38,T1,T2
Brighton,Chelsea,844,400,2.838862559241706,517,30,444,47.39,52.61,Even,52.61,T2,T1
Everton,Liverpool,844,435,2.0627962085308056,512,30,409,51.54,48.46,Odd,51.54,T2,T1
London Guns,Brighton,844,334,2.796208530805687,518,30,510,39.57,60.43,Even,60.43,T1,T2
Manchester Blue,Wolverhampton,843,375,3.5029655990510085,516,30,468,44.48,55.52,Even,55.52,T1,T3
Everton,Manchester Blue,843,342,2.3819691577698694,516,30,501,40.57,59.43,Even,59.43,T2,T1
London Guns,Crystal Palace,843,434,3.0604982206405693,518,30,409,51.48,48.52,Odd,51.48,T1,T3
West Ham,Crystal Palace,842,360,2.8004750593824226,515,30,482,42.76,57.24,Even,57.24,T2,T3
Manchester Red,West Ham,842,407,2.8729216152019004,517,30,435,48.34,51.66,Even,51.66,T1,T2
Brighton,Leeds,842,472,1.845605700712589,513,30,370,56.06,43.94,Odd,56.06,T2,T3
Chelsea,Bournemouth,842,458,2.817102137767221,522,30,384,54.39,45.61,Odd,54.39,T1,T4
Wolverhampton,Tottenham,842,395,2.956057007125891,512,30,447,46.91,53.09,Even,53.09,T3,T1
Fulham,Bournemouth,842,422,2.030878859857482,516,30,420,50.12,49.88,Odd,50.12,T4,T4
Bournemouth,Crystal Palace,842,378,2.304038004750594,511,30,464,44.89,55.11,Even,55.11,T4,T3
London Guns,Everton,842,388,2.513064133016627,512,30,454,46.08,53.92,Even,53.92,T1,T2
West Ham,Leeds,842,386,2.4156769596199523,509,30,456,45.84,54.16,Even,54.16,T2,T3
Everton,Wolverhampton,841,504,2.5517241379310347,514,30,337,59.93,40.07,Odd,59.93,T2,T3
London Guns,Fulham,841,475,2.7859690844233054,524,30,366,56.48,43.52,Odd,56.48,T1,T4
Everton,Fulham,841,456,2.102259215219976,520,30,385,54.22,45.78,Odd,54.22,T2,T4
Tottenham,Leeds,841,291,2.177170035671819,503,30,550,34.6,65.4,Even,65.4,T1,T3
Aston Villa,Fulham,841,401,2.4673008323424495,515,30,440,47.68,52.32,Even,52.32,T2,T4
Leeds,Liverpool,841,411,2.074910820451843,509,30,430,48.87,51.13,Even,51.13,T3,T1
Newcastle,Leeds,841,487,2.2936979785969083,520,30,354,57.91,42.09,Odd,57.91,T3,T3
Aston Villa,Newcastle,841,301,2.315101070154578,520,30,540,35.79,64.21,Even,64.21,T2,T3
Manchester Red,London Guns,841,476,2.901307966706302,500,30,365,56.6,43.4,Odd,56.6,T1,T1
Tottenham,Manchester Blue,841,397,2.8810939357907253,517,30,444,47.21,52.79,Even,52.79,T1,T1
Manchester Blue,Liverpool,841,459,2.90487514863258,518,30,382,54.58,45.42,Odd,54.58,T1,T1
Newcastle,Everton,840,321,1.8107142857142857,516,30,519,38.21,61.79,Even,61.79,T3,T2
Chelsea,Brighton,840,346,2.7261904761904763,514,30,494,41.19,58.81,Even,58.81,T1,T2
Liverpool,Everton,840,434,2.302380952380952,510,30,406,51.67,48.33,Odd,51.67,T1,T2
Fulham,Leeds,840,378,1.811904761904762,514,30,462,45.0,55.0,Even,55.0,T4,T3
Newcastle,Fulham,840,351,2.0702380952380954,522,30,489,41.79,58.21,Even,58.21,T3,T4
Liverpool,Crystal Palace,839,366,3.032181168057211,516,30,473,43.62,56.38,Even,56.38,T1,T3
Aston Villa,Manchester Blue,839,378,2.595947556615018,512,30,461,45.05,54.95,Even,54.95,T2,T1
Crystal Palace,Manchester Blue,839,404,3.00357568533969,503,30,435,48.15,51.85,Even,51.85,T3,T1
Leeds,Newcastle,839,445,2.2777115613825982,516,30,394,53.04,46.96,Odd,53.04,T3,T3
Bournemouth,Manchester Blue,838,389,2.8914081145584727,513,30,449,46.42,53.58,Even,53.58,T4,T1
Aston Villa,Everton,838,443,1.9463007159904535,520,30,395,52.86,47.14,Odd,52.86,T2,T2
Chelsea,Crystal Palace,838,362,2.8878281622911692,517,30,476,43.2,56.8,Even,56.8,T1,T3
Manchester Blue,Chelsea,837,472,3.120669056152927,515,30,365,56.39,43.61,Odd,56.39,T1,T1
Tottenham,London Guns,837,291,2.782556750298686,518,30,546,34.77,65.23,Even,65.23,T1,T1
Everton,Chelsea,837,387,2.3094384707287934,517,30,450,46.24,53.76,Even,53.76,T2,T1
Chelsea,Fulham,837,374,2.7311827956989245,512,30,463,44.68,55.32,Even,55.32,T1,T4
Chelsea,Newcastle,836,377,3.147129186602871,511,30,459,45.1,54.9,Even,54.9,T1,T3
Wolverhampton,Chelsea,836,424,3.0933014354066986,519,30,412,50.72,49.28,Odd,50.72,T3,T1
Liverpool,Fulham,836,318,2.425837320574163,514,30,518,38.04,61.96,Even,61.96,T1,T4
London Guns,Manchester Red,836,444,2.9545454545454546,521,30,392,53.11,46.89,Odd,53.11,T1,T1
Tottenham,Liverpool,836,402,2.7559808612440193,515,30,434,48.09,51.91,Even,51.91,T1,T1
Manchester Blue,Aston Villa,835,454,2.8718562874251496,517,30,381,54.37,45.63,Odd,54.37,T1,T2
Manchester Blue,London Guns,835,409,3.3568862275449103,511,30,426,48.98,51.02,Even,51.02,T1,T1
Newcastle,Manchester Blue,835,451,2.882634730538922,506,30,384,54.01,45.99,Odd,54.01,T3,T1
Wolverhampton,London Guns,835,397,2.7365269461077846,512,30,438,47.54,52.46,Even,52.46,T3,T1
Liverpool,Manchester Blue,834,400,3.0071942446043165,510,30,434,47.96,52.04,Even,52.04,T1,T1
Fulham,Newcastle,834,446,2.0887290167865706,513,30,388,53.48,46.52,Odd,53.48,T4,T3
West Ham,Liverpool,834,481,2.5239808153477217,514,30,353,57.67,42.33,Odd,57.67,T2,T1
London Guns,Bournemouth,834,454,2.904076738609113,509,30,380,54.44,45.56,Odd,54.44,T1,T4
Chelsea,Everton,834,412,2.6402877697841727,515,30,422,49.4,50.6,Even,50.6,T1,T2
Bournemouth,Brighton,834,447,1.9940047961630696,513,30,387,53.6,46.4,Odd,53.6,T4,T2
Wolverhampton,Newcastle,834,404,2.9400479616306954,514,30,430,48.44,51.56,Even,51.56,T3,T3
West Ham,London Guns,833,325,2.9807923169267707,509,30,508,39.02,60.98,Even,60.98,T2,T1
Liverpool,Wolverhampton,833,377,2.9735894357743096,518,30,456,45.26,54.74,Even,54.74,T1,T3
Tottenham,Aston Villa,833,446,2.3073229291716686,514,30,387,53.54,46.46,Odd,53.54,T1,T2
Manchester Red,Fulham,833,447,2.454981992797119,512,30,386,53.66,46.34,Odd,53.66,T1,T4
Chelsea,Liverpool,833,436,2.6698679471788718,512,30,397,52.34,47.66,Odd,52.34,T1,T1
Crystal Palace,Wolverhampton,833,296,2.7875150060024008,510,30,537,35.53,64.47,Even,64.47,T3,T3
Bournemouth,Chelsea,833,375,2.3157262905162064,508,30,458,45.02,54.98,Even,54.98,T4,T1
West Ham,Aston Villa,832,428,2.1826923076923075,515,30,404,51.44,48.56,Odd,51.44,T2,T2
Bournemouth,Fulham,832,407,1.9795673076923077,506,30,425,48.92,51.08,Even,51.08,T4,T4
Newcastle,West Ham,831,421,2.9614921780986765,504,30,410,50.66,49.34,Odd,50.66,T3,T2
Leeds,Crystal Palace,831,420,2.1107099879663056,504,30,411,50.54,49.46,Odd,50.54,T3,T3
West Ham,Everton,831,408,2.368231046931408,510,30,423,49.1,50.9,Even,50.9,T2,T2
Tottenham,Fulham,831,449,2.3501805054151625,505,30,382,54.03,45.97,Odd,54.03,T1,T4
Manchester Red,Newcastle,830,383,2.7674698795180723,511,30,447,46.14,53.86,Even,53.86,T1,T3
Wolverhampton,Crystal Palace,830,426,3.036144578313253,510,30,404,51.33,48.67,Odd,51.33,T3,T3
Aston Villa,Liverpool,830,511,2.386746987951807,517,30,319,61.57,38.43,Odd,61.57,T2,T1
Leeds,Wolverhampton,830,449,2.442168674698795,513,30,381,54.1,45.9,Odd,54.1,T3,T3
Aston Villa,London Guns,830,405,2.095180722891566,508,30,425,48.8,51.2,Even,51.2,T2,T1
Fulham,Brighton,830,480,1.96144578313253,508,30,350,57.83,42.17,Odd,57.83,T4,T2
Tottenham,Bournemouth,830,397,2.7602409638554217,510,30,433,47.83,52.17,Even,52.17,T1,T4
Crystal Palace,Leeds,830,329,2.0710843373493977,515,30,501,39.64,60.36,Even,60.36,T3,T3
West Ham,Newcastle,829,478,2.733413751507841,517,30,351,57.66,42.34,Odd,57.66,T2,T3
Wolverhampton,Liverpool,829,441,2.756332931242461,510,30,388,53.2,46.8,Odd,53.2,T3,T1
Manchester Red,Brighton,829,351,2.6936067551266585,515,30,478,42.34,57.66,Even,57.66,T1,T2
Manchester Blue,Manchester Red,829,468,2.858866103739445,514,30,361,56.45,43.55,Odd,56.45,T1,T1
Newcastle,Bournemouth,828,449,2.1823671497584543,516,30,379,54.23,45.77,Odd,54.23,T3,T4
Chelsea,Wolverhampton,828,362,3.183574879227053,505,30,466,43.72,56.28,Even,56.28,T1,T3
Chelsea,Aston Villa,827,413,2.373639661426844,505,30,414,49.94,50.06,Even,50.06,T1,T2
Newcastle,Brighton,827,342,2.0314389359129383,508,30,485,41.35,58.65,Even,58.65,T3,T2
Bournemouth,West Ham,827,441,2.499395405078597,510,30,386,53.33,46.67,Odd,53.33,T4,T2
West Ham,Wolverhampton,827,421,2.8863361547763,513,30,406,50.91,49.09,Odd,50.91,T2,T3
Fulham,Manchester Red,827,487,2.257557436517533,509,30,340,58.89,41.11,Odd,58.89,T4,T1
Brighton,Bournemouth,826,465,2.2554479418886197,514,30,361,56.3,43.7,Odd,56.3,T2,T4
Tottenham,Crystal Palace,826,402,3.016949152542373,518,30,424,48.67,51.33,Even,51.33,T1,T3
Newcastle,Aston Villa,826,420,2.5060532687651333,506,30,406,50.85,49.15,Odd,50.85,T3,T2
Brighton,London Guns,826,516,2.3801452784503634,505,30,310,62.47,37.53,Odd,62.47,T2,T1
Bournemouth,Newcastle,825,339,2.36,513,30,486,41.09,58.91,Even,58.91,T4,T3
West Ham,Chelsea,825,347,2.898181818181818,508,30,478,42.06,57.94,Even,57.94,T2,T1
Crystal Palace,Fulham,825,438,2.232727272727273,509,30,387,53.09,46.91,Odd,53.09,T3,T4
Crystal Palace,Bournemouth,825,394,2.732121212121212,508,30,431,47.76,52.24,Even,52.24,T3,T4
Liverpool,West Ham,825,419,2.7236363636363636,512,30,406,50.79,49.21,Odd,50.79,T1,T2
Crystal Palace,Newcastle,824,358,2.5606796116504853,515,30,466,43.45,56.55,Even,56.55,T3,T3
Everton,Leeds,824,394,1.6092233009708738,510,30,430,47.82,52.18,Even,52.18,T2,T3
Leeds,West Ham,824,392,2.1067961165048543,504,30,432,47.57,52.43,Even,52.43,T3,T2
Leeds,London Guns,824,390,2.058252427184466,511,30,434,47.33,52.67,Even,52.67,T3,T1
Newcastle,Crystal Palace,824,387,2.4696601941747574,493,30,437,46.97,53.03,Even,53.03,T3,T3
West Ham,Manchester Red,824,503,2.566747572815534,515,30,321,61.04,38.96,Odd,61.04,T2,T1
London Guns,Manchester Blue,824,412,3.2694174757281553,515,30,412,50.0,50.0,Odd,50.0,T1,T1
Liverpool,Tottenham,823,436,2.9842041312272176,511,30,387,52.98,47.02,Odd,52.98,T1,T1
Aston Villa,Manchester Red,823,401,1.962332928311057,508,30,422,48.72,51.28,Even,51.28,T2,T1
Manchester Red,Tottenham,823,384,2.92588092345079,512,30,439,46.66,53.34,Even,53.34,T1,T1
Manchester Blue,Leeds,823,347,2.885783718104496,510,30,476,42.16,57.84,Even,57.84,T1,T3
Aston Villa,Brighton,823,364,2.473876063183475,513,30,459,44.23,55.77,Even,55.77,T2,T2
Brighton,Tottenham,822,368,2.1946472019464722,504,30,454,44.77,55.23,Even,55.23,T2,T1
Brighton,Fulham,822,409,2.0961070559610704,511,30,413,49.76,50.24,Even,50.24,T2,T4
Leeds,Bournemouth,822,405,2.04014598540146,508,30,417,49.27,50.73,Even,50.73,T3,T4
Liverpool,Chelsea,821,439,2.7588306942752743,511,30,382,53.47,46.53,Odd,53.47,T1,T1
Fulham,Manchester Blue,821,378,2.099878197320341,509,30,443,46.04,53.96,Even,53.96,T4,T1
Everton,Crystal Palace,821,437,2.1961023142509135,516,30,384,53.23,46.77,Odd,53.23,T2,T3
Manchester Blue,Tottenham,821,369,3.533495736906212,512,30,452,44.95,55.05,Even,55.05,T1,T1
Aston Villa,Leeds,821,413,2.2009744214372717,508,30,408,50.3,49.7,Odd,50.3,T2,T3
Wolverhampton,Manchester Red,821,445,2.8489646772228987,514,30,376,54.2,45.8,Odd,54.2,T3,T1
Chelsea,Manchester Red,820,531,2.90609756097561,504,30,289,64.76,35.24,Odd,64.76,T1,T1
Wolverhampton,Bournemouth,820,378,3.0707317073170732,513,30,442,46.1,53.9,Even,53.9,T3,T4
Leeds,Aston Villa,820,443,1.8670731707317074,505,30,377,54.02,45.98,Odd,54.02,T3,T2
Wolverhampton,Everton,820,418,2.2634146341463413,512,30,402,50.98,49.02,Odd,50.98,T3,T2
Aston Villa,West Ham,820,383,2.6817073170731707,517,30,437,46.71,53.29,Even,53.29,T2,T2
Aston Villa,Crystal Palace,819,368,2.7716727716727716,509,30,451,44.93,55.07,Even,55.07,T2,T3
Brighton,Liverpool,819,393,2.543345543345543,511,30,426,47.99,52.01,Even,52.01,T2,T1
Fulham,West Ham,818,519,2.4706601466992666,512,30,299,63.45,36.55,Odd,63.45,T4,T2
Liverpool,Brighton,818,421,2.6809290953545233,509,30,397,51.47,48.53,Odd,51.47,T1,T2
West Ham,Tottenham,818,472,2.550122249388753,499,30,346,57.7,42.3,Odd,57.7,T2,T1
London Guns,Chelsea,818,369,3.3092909535452324,506,30,449,45.11,54.89,Even,54.89,T1,T1
West Ham,Bournemouth,818,313,2.693154034229829,511,30,505,38.26,61.74,Even,61.74,T2,T4
Crystal Palace,West Ham,818,470,2.6723716381418092,504,30,348,57.46,42.54,Odd,57.46,T3,T2
Manchester Red,Aston Villa,817,524,2.350061199510404,514,30,293,64.14,35.86,Odd,64.14,T1,T2
Liverpool,Leeds,817,339,2.3365973072215422,500,30,478,41.49,58.51,Even,58.51,T1,T3
Brighton,Manchester Blue,817,358,2.7319461444308444,505,30,459,43.82,56.18,Even,56.18,T2,T1
London Guns,Leeds,817,448,2.572827417380661,511,30,369,54.83,45.17,Odd,54.83,T1,T3
Fulham,Crystal Palace,816,419,1.9938725490196079,510,30,397,51.35,48.65,Odd,51.35,T4,T3
Manchester Red,Everton,816,309,2.513480392156863,504,30,507,37.87,62.13,Even,62.13,T1,T2
Tottenham,Newcastle,816,352,2.485294117647059,509,30,464,43.14,56.86,Even,56.86,T1,T3
Crystal Palace,Tottenham,816,352,2.6813725490196076,511,30,464,43.14,56.86,Even,56.86,T3,T1
Leeds,Brighton,815,317,1.9153374233128835,510,30,498,38.9,61.1,Even,61.1,T3,T2
Chelsea,West Ham,814,328,3.208845208845209,507,30,486,40.29,59.71,Even,59.71,T1,T2
Everton,Aston Villa,814,382,1.9066339066339066,495,30,432,46.93,53.07,Even,53.07,T2,T2
Chelsea,Leeds,814,378,2.5036855036855035,508,30,436,46.44,53.56,Even,53.56,T1,T3
Leeds,Chelsea,813,419,2.3284132841328415,513,30,394,51.54,48.46,Odd,51.54,T3,T1
Bournemouth,Leeds,813,394,1.953259532595326,506,30,419,48.46,51.54,Even,51.54,T4,T3
Leeds,Fulham,813,405,1.6297662976629765,505,30,408,49.82,50.18,Even,50.18,T3,T4
Fulham,London Guns,812,499,2.3017241379310347,517,30,313,61.45,38.55,Odd,61.45,T4,T1
Crystal Palace,Aston Villa,812,344,2.5098522167487687,505,30,468,42.36,57.64,Even,57.64,T3,T2
London Guns,West Ham,811,416,2.9765721331689274,505,30,395,51.29,48.71,Odd,51.29,T1,T2
Brighton,West Ham,811,366,2.6929716399506782,510,30,445,45.13,54.87,Even,54.87,T2,T2
Everton,Newcastle,811,423,2.1837237977805177,505,30,388,52.16,47.84,Odd,52.16,T2,T3
Tottenham,Manchester Red,811,439,2.474722564734895,508,30,372,54.13,45.87,Odd,54.13,T1,T1
London Guns,Liverpool,810,434,3.0074074074074075,504,30,376,53.58,46.42,Odd,53.58,T1,T1
London Guns,Tottenham,810,415,2.737037037037037,499,30,395,51.23,48.77,Odd,51.23,T1,T1
Liverpool,Manchester Red,809,360,2.603213844252163,508,30,449,44.5,55.5,Even,55.5,T1,T1
Tottenham,Chelsea,809,376,2.7985166872682323,508,30,433,46.48,53.52,Even,53.52,T1,T1
Manchester Blue,Fulham,809,383,2.737948084054388,499,30,426,47.34,52.66,Even,52.66,T1,T4
Chelsea,Manchester Blue,808,418,3.099009900990099,493,30,390,51.73,48.27,Odd,51.73,T1,T1
West Ham,Manchester Blue,807,348,2.98636926889715,507,30,459,43.12,56.88,Even,56.88,T2,T1
Everton,Brighton,807,354,1.8612143742255267,502,30,453,43.87,56.13,Even,56.13,T2,T2
Bournemouth,Liverpool,806,339,2.7183622828784118,499,30,467,42.06,57.94,Even,57.94,T4,T1
Liverpool,Aston Villa,805,373,2.5652173913043477,512,30,432,46.34,53.66,Even,53.66,T1,T2
Brighton,Newcastle,805,413,2.2596273291925466,506,30,392,51.3,48.7,Odd,51.3,T2,T3
Fulham,Everton,804,436,1.8532338308457712,506,30,368,54.23,45.77,Odd,54.23,T4,T2
Newcastle,Liverpool,804,356,2.445273631840796,504,30,448,44.28,55.72,Even,55.72,T3,T1
Everton,Manchester Red,803,487,2.282689912826899,511,30,316,60.65,39.35,Odd,60.65,T2,T1
Manchester Blue,Bournemouth,803,360,2.971357409713574,498,30,443,44.83,55.17,Even,55.17,T1,T4
Tottenham,Brighton,802,417,2.6670822942643393,501,30,385,52.0,48.0,Odd,52.0,T1,T2
Manchester Blue,Everton,801,394,2.696629213483146,499,30,407,49.19,50.81,Even,50.81,T1,T2
Newcastle,Chelsea,801,388,3.2459425717852683,490,30,413,48.44,51.56,Even,51.56,T3,T1
Aston Villa,Bournemouth,800,372,2.27,503,30,428,46.5,53.5,Even,53.5,T2,T4
Wolverhampton,Manchester Blue,800,304,3.2075,500,30,496,38.0,62.0,Even,62.0,T3,T1
London Guns,Wolverhampton,800,362,3.2625,505,30,438,45.25,54.75,Even,54.75,T1,T3
Newcastle,Manchester Red,798,352,2.7393483709273183,501,30,446,44.11,55.89,Even,55.89,T3,T1
Crystal Palace,London Guns,796,403,2.986180904522613,503,30,393,50.63,49.37,Odd,50.63,T3,T1
Everton,London Guns,795,316,2.178616352201258,502,30,479,39.75,60.25,Even,60.25,T2,T1
Aston Villa,Wolverhampton,794,334,2.795969773299748,503,30,460,42.07,57.93,Even,57.93,T2,T3
Tottenham,Everton,794,385,2.6083123425692696,504,30,409,48.49,51.51,Even,51.51,T1,T2
Wolverhampton,Fulham,790,357,2.6645569620253164,499,30,433,45.19,54.81,Even,54.81,T3,T4
Bournemouth,Tottenham,785,348,2.259872611464968,495,30,437,44.33,55.67,Even,55.67,T4,T1
Brighton,Wolverhampton,779,494,2.8831835686777922,493,30,285,63.41,36.59,Odd,63.41,T2,T3
Manchester Red,Crystal Palace,773,478,2.988357050452781,480,30,295,61.84,38.16,Odd,61.84,T1,T3
