table_cell,home_rank,away_rank,n,n_odd,avg_rank_sum,pct_odd,pct_even,dominant,dominant_pct
H7_A1,7,1,863,298,8.0,34.53,65.47,Even,65.47
H14_A10,14,10,839,293,24.0,34.92,65.08,Even,65.08
H4_A12,4,12,820,531,16.0,64.76,35.24,Odd,64.76
H1_A13,1,13,847,301,14.0,35.54,64.46,Even,64.46
H5_A16,5,16,834,297,21.0,35.61,64.39,Even,64.39
H14_A8,14,8,858,308,22.0,35.9,64.1,Even,64.1
H7_A15,7,15,830,531,22.0,63.98,36.02,Odd,63.98
H12_A1,12,1,827,524,13.0,63.36,36.64,Odd,63.36
H3_A16,3,16,787,494,19.0,62.77,37.23,Odd,62.77
H11_A5,11,5,851,532,16.0,62.51,37.49,Odd,62.51
H9_A7,9,7,844,318,16.0,37.68,62.32,Even,62.32
H12_A4,12,4,860,535,16.0,62.21,37.79,Odd,62.21
H12_A6,12,6,816,309,18.0,37.87,62.13,Even,62.13
H4_A10,4,10,879,545,14.0,62.0,38.0,Odd,62.0
H9_A2,9,2,869,331,11.0,38.09,61.91,Even,61.91
H12_A5,12,5,773,478,17.0,61.84,38.16,Odd,61.84
H15_A2,15,2,818,313,17.0,38.26,61.74,Even,61.74
H1_A9,1,9,833,514,10.0,61.7,38.3,Odd,61.7
H3_A10,3,10,838,516,13.0,61.58,38.42,Odd,61.58
H15_A12,15,12,824,503,27.0,61.04,38.96,Odd,61.04
H8_A3,8,3,816,318,11.0,38.97,61.03,Even,61.03
H16_A11,16,11,816,320,27.0,39.22,60.78,Even,60.78
H13_A6,13,6,857,338,19.0,39.44,60.56,Even,60.56
H10_A3,10,3,844,334,13.0,39.57,60.43,Even,60.43
H6_A10,6,10,796,316,16.0,39.7,60.3,Even,60.3
H7_A10,7,10,828,499,17.0,60.27,39.73,Odd,60.27
H15_A10,15,10,843,335,25.0,39.74,60.26,Even,60.26
H8_A6,8,6,857,343,14.0,40.02,59.98,Even,59.98
H6_A16,6,16,841,504,22.0,59.93,40.07,Odd,59.93
H4_A14,4,14,864,517,18.0,59.84,40.16,Odd,59.84
H4_A15,4,15,816,328,19.0,40.2,59.8,Even,59.8
H6_A12,6,12,817,487,18.0,59.61,40.39,Odd,59.61
H2_A13,2,13,835,339,15.0,40.6,59.4,Even,59.4
H5_A8,5,8,844,343,13.0,40.64,59.36,Even,59.36
H2_A1,2,1,845,344,3.0,40.71,59.29,Even,59.29
H1_A14,1,14,859,350,15.0,40.75,59.25,Even,59.25
H3_A5,3,5,897,530,8.0,59.09,40.91,Odd,59.09
H6_A11,6,11,849,348,17.0,40.99,59.01,Even,59.01
H7_A12,7,12,827,487,19.0,58.89,41.11,Odd,58.89
H4_A3,4,3,840,346,7.0,41.19,58.81,Even,58.81
H13_A7,13,7,852,351,20.0,41.2,58.8,Even,58.8
H13_A3,13,3,830,342,16.0,41.2,58.8,Even,58.8
H12_A8,12,8,850,351,20.0,41.29,58.71,Even,58.71
H13_A14,13,14,857,354,27.0,41.31,58.69,Even,58.69
H12_A16,12,16,854,353,28.0,41.33,58.67,Even,58.67
H15_A13,15,13,846,495,28.0,58.51,41.49,Odd,58.51
H7_A3,7,3,840,490,10.0,58.33,41.67,Odd,58.33
H15_A3,15,3,848,354,18.0,41.75,58.25,Even,58.25
H15_A14,15,14,828,482,29.0,58.21,41.79,Odd,58.21
H13_A8,13,8,845,491,21.0,58.11,41.89,Odd,58.11
H11_A13,11,13,860,361,24.0,41.98,58.02,Even,58.02
H5_A12,5,12,859,498,17.0,57.97,42.03,Odd,57.97
H12_A3,12,3,835,351,15.0,42.04,57.96,Even,57.96
H5_A15,5,15,826,478,20.0,57.87,42.13,Odd,57.87
H11_A8,11,8,823,347,19.0,42.16,57.84,Even,57.84
H9_A8,9,8,829,351,17.0,42.34,57.66,Even,57.66
H5_A1,5,1,812,344,6.0,42.36,57.64,Even,57.64
H7_A16,7,16,865,498,23.0,57.57,42.43,Odd,57.57
H15_A4,15,4,831,353,19.0,42.48,57.52,Even,57.52
H1_A4,1,4,846,485,5.0,57.33,42.67,Odd,57.33
H2_A12,2,12,869,498,14.0,57.31,42.69,Odd,57.31
H8_A14,8,14,861,493,22.0,57.26,42.74,Odd,57.26
H15_A5,15,5,842,360,20.0,42.76,57.24,Even,57.24
H9_A5,9,5,856,366,14.0,42.76,57.24,Even,57.24
H1_A16,1,16,806,346,17.0,42.93,57.07,Even,57.07
H6_A15,6,15,878,501,21.0,57.06,42.94,Odd,57.06
H6_A3,6,3,824,354,9.0,42.96,57.04,Even,57.04
H2_A9,2,9,820,353,11.0,43.05,56.95,Even,56.95
H15_A11,15,11,808,348,26.0,43.07,56.93,Even,56.93
H14_A13,14,13,816,352,27.0,43.14,56.86,Even,56.86
H5_A14,5,14,816,352,19.0,43.14,56.86,Even,56.86
H5_A9,5,9,862,372,14.0,43.16,56.84,Even,56.84
H3_A12,3,12,873,377,15.0,43.18,56.82,Even,56.82
H4_A5,4,5,838,362,9.0,43.2,56.8,Even,56.8
H4_A16,4,16,838,362,20.0,43.2,56.8,Even,56.8
H15_A9,15,9,848,481,24.0,56.72,43.28,Odd,56.72
H12_A10,12,10,841,476,22.0,56.6,43.4,Odd,56.6
H10_A7,10,7,841,475,17.0,56.48,43.52,Odd,56.48
H16_A1,16,1,887,386,17.0,43.52,56.48,Even,56.48
H3_A8,3,8,850,480,11.0,56.47,43.53,Odd,56.47
H11_A12,11,12,829,468,23.0,56.45,43.55,Odd,56.45
H3_A1,3,1,848,477,4.0,56.25,43.75,Odd,56.25
H3_A11,3,11,817,358,14.0,43.82,56.18,Even,56.18
H13_A9,13,9,812,356,22.0,43.84,56.16,Even,56.16
H11_A4,11,4,841,472,15.0,56.12,43.88,Odd,56.12
H6_A14,6,14,863,379,20.0,43.92,56.08,Even,56.08
H1_A3,1,3,827,364,4.0,44.01,55.99,Even,55.99
H16_A8,16,8,845,473,24.0,55.98,44.02,Odd,55.98
H12_A2,12,2,856,378,14.0,44.16,55.84,Even,55.84
H2_A4,2,4,849,375,6.0,44.17,55.83,Even,55.83
H3_A15,3,15,827,366,18.0,44.26,55.74,Even,55.74
H13_A16,13,16,862,480,29.0,55.68,44.32,Odd,55.68
H5_A13,5,13,838,372,18.0,44.39,55.61,Even,55.61
H11_A16,11,16,843,375,27.0,44.48,55.52,Even,55.52
H3_A2,3,2,838,465,5.0,55.49,44.51,Odd,55.49
H16_A3,16,3,847,377,19.0,44.51,55.49,Even,55.49
H6_A2,6,2,872,389,8.0,44.61,55.39,Even,55.39
H13_A12,13,12,806,360,25.0,44.67,55.33,Even,55.33
H4_A7,4,7,838,375,11.0,44.75,55.25,Even,55.25
H2_A16,2,16,849,380,18.0,44.76,55.24,Even,55.24
H9_A12,9,12,813,364,21.0,44.77,55.23,Even,55.23
H3_A14,3,14,822,368,17.0,44.77,55.23,Even,55.23
H2_A5,2,5,842,378,7.0,44.89,55.11,Even,55.11
H11_A14,11,14,821,369,25.0,44.95,55.05,Even,55.05
H7_A8,7,8,840,378,15.0,45.0,55.0,Even,55.0
H15_A7,15,7,862,474,22.0,54.99,45.01,Odd,54.99
H16_A12,16,12,835,459,28.0,54.97,45.03,Odd,54.97
H1_A11,1,11,839,378,12.0,45.05,54.95,Even,54.95
H4_A13,4,13,836,377,17.0,45.1,54.9,Even,54.9
H13_A11,13,11,851,467,24.0,54.88,45.12,Odd,54.88
H9_A16,9,16,835,377,25.0,45.15,54.85,Even,54.85
H10_A8,10,8,817,448,18.0,54.83,45.17,Odd,54.83
H16_A7,16,7,790,357,23.0,45.19,54.81,Even,54.81
H11_A15,11,15,852,385,26.0,45.19,54.81,Even,54.81
H10_A16,10,16,800,362,26.0,45.25,54.75,Even,54.75
H10_A4,10,4,821,372,14.0,45.31,54.69,Even,54.69
H11_A9,11,9,841,459,20.0,54.58,45.42,Odd,54.58
H12_A7,12,7,849,463,19.0,54.53,45.47,Odd,54.53
H11_A2,11,2,813,370,13.0,45.51,54.49,Even,54.49
H2_A14,2,14,802,365,16.0,45.51,54.49,Even,54.49
H8_A1,8,1,828,451,9.0,54.47,45.53,Odd,54.47
H10_A2,10,2,834,454,12.0,54.44,45.56,Odd,54.44
H4_A2,4,2,842,458,6.0,54.39,45.61,Odd,54.39
H15_A8,15,8,845,386,23.0,45.68,54.32,Even,54.32
H1_A5,1,5,831,380,6.0,45.73,54.27,Even,54.27
H14_A7,14,7,835,453,21.0,54.25,45.75,Odd,54.25
H13_A2,13,2,828,449,15.0,54.23,45.77,Odd,54.23
H7_A6,7,6,804,436,13.0,54.23,45.77,Odd,54.23
H10_A13,10,13,867,470,23.0,54.21,45.79,Odd,54.21
H10_A9,10,9,820,444,19.0,54.15,45.85,Odd,54.15
H13_A10,13,10,848,389,23.0,45.87,54.13,Even,54.13
H4_A8,4,8,824,378,12.0,45.87,54.13,Even,54.13
H14_A12,14,12,812,439,26.0,54.06,45.94,Odd,54.06
H3_A6,3,6,870,400,9.0,45.98,54.02,Even,54.02
H7_A11,7,11,821,378,18.0,46.04,53.96,Even,53.96
H1_A2,1,2,808,372,3.0,46.04,53.96,Even,53.96
H12_A13,12,13,830,383,25.0,46.14,53.86,Even,53.86
H12_A14,12,14,831,384,26.0,46.21,53.79,Even,53.79
H6_A5,6,5,831,447,11.0,53.79,46.21,Odd,53.79
H6_A4,6,4,837,387,10.0,46.24,53.76,Even,53.76
H16_A2,16,2,824,382,18.0,46.36,53.64,Even,53.64
H2_A3,2,3,834,447,5.0,53.6,46.4,Odd,53.6
H2_A11,2,11,838,389,13.0,46.42,53.58,Even,53.58
H6_A7,6,7,851,456,13.0,53.58,46.42,Odd,53.58
H16_A9,16,9,835,447,25.0,53.53,46.47,Odd,53.53
H14_A4,14,4,809,376,18.0,46.48,53.52,Even,53.52
H7_A13,7,13,834,446,20.0,53.48,46.52,Odd,53.48
H9_A4,9,4,821,439,13.0,53.47,46.53,Odd,53.47
H2_A10,2,10,861,401,12.0,46.57,53.43,Even,53.43
H10_A6,10,6,850,396,16.0,46.59,53.41,Even,53.41
H16_A10,16,10,852,397,26.0,46.6,53.4,Even,53.4
H9_A13,9,13,864,461,22.0,53.36,46.64,Odd,53.36
H9_A10,9,10,846,451,19.0,53.31,46.69,Odd,53.31
H11_A1,11,1,852,454,12.0,53.29,46.71,Odd,53.29
H9_A1,9,1,811,379,10.0,46.73,53.27,Even,53.27
H16_A14,16,14,845,395,30.0,46.75,53.25,Even,53.25
H12_A9,12,9,857,402,21.0,46.91,53.09,Even,53.09
H8_A16,8,16,846,449,24.0,53.07,46.93,Odd,53.07
H6_A1,6,1,814,382,7.0,46.93,53.07,Even,53.07
H13_A5,13,5,824,387,18.0,46.97,53.03,Even,53.03
H5_A3,5,3,849,399,8.0,47.0,53.0,Even,53.0
H8_A12,8,12,865,458,20.0,52.95,47.05,Odd,52.95
H14_A1,14,1,843,446,15.0,52.91,47.09,Odd,52.91
H8_A13,8,13,843,445,21.0,52.79,47.21,Odd,52.79
H5_A7,5,7,831,438,12.0,52.71,47.29,Odd,52.71
H7_A4,7,4,859,407,11.0,47.38,52.62,Even,52.62
H9_A6,9,6,856,450,15.0,52.57,47.43,Odd,52.57
H12_A15,12,15,858,407,27.0,47.44,52.56,Even,52.56
H2_A15,2,15,839,441,17.0,52.56,47.44,Odd,52.56
H6_A8,6,8,830,394,14.0,47.47,52.53,Even,52.53
H13_A4,13,4,817,388,17.0,47.49,52.51,Even,52.51
H16_A15,16,15,850,445,31.0,52.35,47.65,Odd,52.35
H1_A7,1,7,841,401,8.0,47.68,52.32,Even,52.32
H14_A11,14,11,849,405,25.0,47.7,52.3,Even,52.3
H14_A5,14,5,842,402,19.0,47.74,52.26,Even,52.26
H1_A15,1,15,837,400,16.0,47.79,52.21,Even,52.21
H14_A2,14,2,830,397,16.0,47.83,52.17,Even,52.17
H6_A13,6,13,811,423,19.0,52.16,47.84,Odd,52.16
H16_A13,16,13,844,404,29.0,47.87,52.13,Even,52.13
H2_A6,2,6,850,443,8.0,52.12,47.88,Odd,52.12
H7_A14,7,14,877,457,21.0,52.11,47.89,Odd,52.11
H8_A15,8,15,830,398,23.0,47.95,52.05,Even,52.05
H9_A3,9,3,828,431,12.0,52.05,47.95,Odd,52.05
H10_A12,10,12,853,444,22.0,52.05,47.95,Odd,52.05
H3_A9,3,9,819,393,12.0,47.99,52.01,Even,52.01
H9_A14,9,14,839,436,23.0,51.97,48.03,Odd,51.97
H4_A11,4,11,812,422,15.0,51.97,48.03,Odd,51.97
H5_A11,5,11,841,404,16.0,48.04,51.96,Even,51.96
H14_A9,14,9,836,402,23.0,48.09,51.91,Even,51.91
H1_A6,1,6,854,443,7.0,51.87,48.13,Odd,51.87
H11_A3,11,3,885,426,14.0,48.14,51.86,Even,51.86
H8_A10,8,10,838,404,18.0,48.21,51.79,Even,51.79
H16_A5,16,5,838,434,21.0,51.79,48.21,Odd,51.79
H11_A7,11,7,823,397,18.0,48.24,51.76,Even,51.76
H15_A16,15,16,841,435,31.0,51.72,48.28,Odd,51.72
H10_A5,10,5,847,438,15.0,51.71,48.29,Odd,51.71
H3_A4,3,4,861,417,7.0,48.43,51.57,Even,51.57
H6_A9,6,9,844,435,15.0,51.54,48.46,Odd,51.54
H8_A4,8,4,813,419,12.0,51.54,48.46,Odd,51.54
H15_A1,15,1,832,428,16.0,51.44,48.56,Odd,51.44
H9_A11,9,11,846,412,20.0,48.7,51.3,Even,51.3
H4_A9,4,9,850,436,13.0,51.29,48.71,Odd,51.29
H10_A15,10,15,811,416,25.0,51.29,48.71,Odd,51.29
H1_A12,1,12,823,401,13.0,48.72,51.28,Even,51.28
H2_A7,2,7,834,407,9.0,48.8,51.2,Even,51.2
H5_A2,5,2,842,411,7.0,48.81,51.19,Even,51.19
H5_A6,5,6,850,415,11.0,48.82,51.18,Even,51.18
H7_A5,7,5,819,419,12.0,51.16,48.84,Odd,51.16
H8_A9,8,9,841,411,17.0,48.87,51.13,Even,51.13
H14_A3,14,3,816,417,17.0,51.1,48.9,Odd,51.1
H4_A6,4,6,842,412,10.0,48.93,51.07,Even,51.07
H11_A10,11,10,835,409,21.0,48.98,51.02,Even,51.02
H13_A1,13,1,828,422,14.0,50.97,49.03,Odd,50.97
H3_A13,3,13,811,413,16.0,50.92,49.08,Odd,50.92
H10_A14,10,14,816,415,24.0,50.86,49.14,Odd,50.86
H8_A7,8,7,830,422,15.0,50.84,49.16,Odd,50.84
H8_A11,8,11,870,442,19.0,50.8,49.2,Odd,50.8
H9_A15,9,15,825,419,24.0,50.79,49.21,Odd,50.79
H4_A1,4,1,841,427,5.0,50.77,49.23,Odd,50.77
H14_A6,14,6,806,397,20.0,49.26,50.74,Even,50.74
H8_A2,8,2,822,405,10.0,49.27,50.73,Even,50.73
H16_A4,16,4,836,424,20.0,50.72,49.28,Odd,50.72
H10_A11,10,11,836,424,21.0,50.72,49.28,Odd,50.72
H14_A15,14,15,872,442,29.0,50.69,49.31,Odd,50.69
H13_A15,13,15,831,421,28.0,50.66,49.34,Odd,50.66
H15_A6,15,6,835,412,21.0,49.34,50.66,Even,50.66
H11_A6,11,6,804,397,17.0,49.38,50.62,Even,50.62
H8_A5,8,5,831,420,13.0,50.54,49.46,Odd,50.54
H2_A8,2,8,829,410,10.0,49.46,50.54,Even,50.54
H7_A2,7,2,848,428,9.0,50.47,49.53,Odd,50.47
H5_A10,5,10,800,403,15.0,50.38,49.62,Odd,50.38
H10_A1,10,1,896,445,11.0,49.67,50.33,Even,50.33
H7_A9,7,9,845,420,16.0,49.7,50.3,Even,50.3
H1_A8,1,8,821,413,9.0,50.3,49.7,Odd,50.3
H3_A7,3,7,822,409,10.0,49.76,50.24,Even,50.24
H16_A6,16,6,832,418,22.0,50.24,49.76,Odd,50.24
H1_A10,1,10,846,421,11.0,49.76,50.24,Even,50.24
H14_A16,14,16,869,436,30.0,50.17,49.83,Odd,50.17
H12_A11,12,11,875,439,23.0,50.17,49.83,Odd,50.17
H5_A4,5,4,866,433,9.0,50.0,50.0,Odd,50.0
