team,tier_x1,role,n,top_scoreline_ha,top_pct_ha,top2_scoreline_ha,top2_pct_ha,top_team_view,top_pct_team_view,mean_team_goals,mean_opp_goals,pct_win,pct_draw,pct_loss,mean_total_goals
Aston Villa,T1,away,4309,0:1,13.27,1:1,12.6,1:0,13.27,1.278,1.096,44.35,23.81,31.84,2.374
Aston Villa,T1,home,4164,1:0,13.69,2:0,13.33,1:0,13.69,1.607,0.819,56.82,22.89,20.29,2.426
Aston Villa,T2,away,4727,1:1,13.56,0:1,12.16,1:1,13.56,1.254,1.135,39.83,26.36,33.81,2.388
Aston Villa,T2,home,4645,1:1,12.34,1:0,11.52,1:1,12.34,1.47,0.906,48.55,26.54,24.91,2.376
Aston Villa,T3,away,2452,1:1,13.62,0:1,12.03,1:1,13.62,1.102,1.184,34.34,26.47,39.19,2.286
Aston Villa,T3,home,2411,1:1,13.4,1:0,11.99,1:1,13.4,1.435,0.926,46.25,28.62,25.13,2.361
Aston Villa,T4,away,835,1:1,14.97,0:1,11.86,1:1,14.97,1.037,1.281,30.9,26.47,42.63,2.319
Aston Villa,T4,home,967,1:1,16.75,1:0,13.24,1:1,16.75,1.376,0.975,43.02,29.06,27.92,2.352
Bournemouth,T1,away,247,1:0,18.22,1:1,14.17,0:1,18.22,0.781,1.652,15.38,24.7,59.92,2.433
Bournemouth,T1,home,184,1:2,12.5,0:1,11.96,1:2,12.5,0.957,1.353,28.26,25.0,46.74,2.31
Bournemouth,T2,away,1183,1:1,16.4,1:0,14.54,1:1,16.4,0.858,1.664,20.54,25.27,54.18,2.522
Bournemouth,T2,home,1064,0:1,13.53,1:1,12.78,0:1,13.53,0.923,1.407,24.62,28.29,47.09,2.33
Bournemouth,T3,away,3746,1:1,13.21,1:0,12.25,1:1,13.21,0.795,1.788,16.18,25.49,58.33,2.584
Bournemouth,T3,home,3671,1:1,13.27,0:1,12.64,1:1,13.27,1.004,1.282,29.34,29.5,41.16,2.287
Bournemouth,T4,away,7051,1:0,13.6,1:1,12.66,0:1,13.6,0.758,1.782,15.66,23.32,61.03,2.541
Bournemouth,T4,home,7359,0:1,13.51,1:1,11.7,0:1,13.51,0.961,1.466,24.32,26.27,49.41,2.428
Brighton,T1,away,1168,1:1,13.7,0:1,11.9,1:1,13.7,0.986,1.463,29.97,25.34,44.69,2.449
Brighton,T1,home,1056,1:0,13.92,1:1,11.27,1:0,13.92,1.316,1.033,45.27,26.23,28.5,2.349
Brighton,T2,away,3440,1:1,12.82,2:0,11.54,1:1,12.82,0.942,1.55,25.06,25.06,49.88,2.492
Brighton,T2,home,3278,1:0,13.27,1:1,11.74,1:0,13.27,1.276,1.138,43.17,25.35,31.48,2.415
Brighton,T3,away,4639,1:1,12.18,2:0,11.66,1:1,12.18,0.947,1.52,25.63,25.54,48.83,2.466
Brighton,T3,home,4700,1:1,13.51,1:0,12.45,1:1,13.51,1.232,1.18,39.98,26.21,33.81,2.411
Brighton,T4,away,2987,2:0,13.12,1:0,12.96,0:2,13.12,0.912,1.593,22.03,23.23,54.74,2.505
Brighton,T4,home,3240,1:1,14.26,0:1,11.6,1:1,14.26,1.182,1.252,35.4,27.16,37.44,2.434
Chelsea,T1,away,6492,1:1,11.08,0:1,9.84,1:1,11.08,1.559,1.244,45.96,23.69,30.35,2.803
Chelsea,T1,home,6342,2:0,11.78,1:0,11.37,2:0,11.78,1.89,0.945,61.67,18.83,19.5,2.835
Chelsea,T2,away,4125,1:1,11.03,1:2,9.07,1:1,11.03,1.498,1.179,43.61,25.94,30.45,2.677
Chelsea,T2,home,4125,2:0,11.61,1:0,10.23,2:0,11.61,1.856,0.994,58.25,20.87,20.87,2.849
Chelsea,T3,away,1315,1:1,11.48,1:2,9.51,1:1,11.48,1.434,1.296,41.9,24.26,33.84,2.73
Chelsea,T3,home,1403,2:0,12.69,1:1,10.48,2:0,12.69,1.68,1.041,52.74,23.38,23.88,2.721
Chelsea,T4,away,325,1:1,12.62,1:2,12.0,1:1,12.62,1.582,1.268,46.77,23.38,29.85,2.849
Chelsea,T4,home,385,1:1,10.65,1:0,10.39,1:1,10.65,1.87,0.971,60.78,17.4,21.82,2.842
Crystal Palace,T1,away,384,1:0,12.24,2:0,11.98,0:1,12.24,0.891,1.734,24.22,19.53,56.25,2.625
Crystal Palace,T1,home,321,1:1,16.2,0:1,14.33,1:1,16.2,1.028,1.268,30.53,29.28,40.19,2.296
Crystal Palace,T2,away,1367,2:0,15.73,1:1,9.44,0:2,15.73,0.865,1.847,19.46,19.97,60.57,2.712
Crystal Palace,T2,home,1250,1:1,12.08,1:0,10.4,1:1,12.08,1.222,1.386,33.92,26.0,40.08,2.608
Crystal Palace,T3,away,3802,2:0,11.81,1:1,10.13,0:2,11.81,0.844,1.843,18.81,21.88,59.31,2.687
Crystal Palace,T3,home,3832,1:1,15.01,0:1,9.73,1:1,15.01,1.164,1.447,29.41,28.63,41.96,2.611
Crystal Palace,T4,away,6701,1:0,11.57,2:1,11.57,0:1,11.57,0.835,1.854,16.73,21.89,61.38,2.689
Crystal Palace,T4,home,6840,1:1,12.76,0:1,10.77,1:1,12.76,1.096,1.573,25.6,26.67,47.73,2.669
Everton,T1,away,1745,0:1,14.38,1:1,12.78,1:0,14.38,1.039,1.183,36.22,26.25,37.54,2.222
Everton,T1,home,1608,1:0,13.12,0:0,12.56,1:0,13.12,1.247,0.946,45.15,29.23,25.62,2.193
Everton,T2,away,3917,1:0,13.66,1:1,12.36,0:1,13.66,0.914,1.274,28.93,27.21,43.86,2.188
Everton,T2,home,3880,1:0,13.53,1:1,12.27,1:0,13.53,1.269,0.922,46.55,26.21,27.24,2.191
Everton,T3,away,4453,1:0,12.91,1:1,12.76,0:1,12.91,0.887,1.379,25.17,27.02,47.81,2.266
Everton,T3,home,4486,1:0,13.6,1:1,13.53,1:0,13.6,1.161,0.947,41.71,28.13,30.16,2.108
Everton,T4,away,2142,1:1,14.43,1:0,12.56,1:1,14.43,0.838,1.394,23.2,28.38,48.41,2.232
Everton,T4,home,2275,0:1,12.35,1:1,12.18,0:1,12.35,1.095,1.01,39.21,26.24,34.55,2.105
Fulham,T1,away,276,0:1,16.67,1:0,13.04,1:0,16.67,0.953,1.38,34.42,19.57,46.01,2.333
Fulham,T1,home,310,0:0,19.35,0:2,12.9,0:0,19.35,0.848,1.155,24.84,32.58,42.58,2.003
Fulham,T2,away,1159,1:0,14.32,2:0,14.24,0:1,14.32,0.772,1.511,23.38,20.88,55.74,2.283
Fulham,T2,home,1033,0:1,12.88,1:1,11.52,0:1,12.88,0.825,1.321,25.56,27.11,47.34,2.146
Fulham,T3,away,3488,2:0,15.19,1:0,13.65,0:2,15.19,0.742,1.594,18.35,23.6,58.06,2.336
Fulham,T3,home,3357,0:1,13.76,1:1,12.84,0:1,13.76,0.889,1.261,28.51,27.11,44.38,2.15
Fulham,T4,away,7303,1:0,16.21,2:0,13.34,0:1,16.21,0.689,1.664,14.72,23.57,61.71,2.353
Fulham,T4,home,7582,0:1,16.99,1:1,11.51,0:1,16.99,0.857,1.316,24.39,25.22,50.4,2.173
Leeds,T1,away,380,1:1,14.47,0:1,12.37,1:1,14.47,0.774,1.4,23.42,28.95,47.63,2.174
Leeds,T1,home,388,0:1,13.4,1:1,12.37,0:1,13.4,0.977,1.276,31.19,26.55,42.27,2.253
Leeds,T2,away,1618,1:1,12.18,0:0,11.62,1:1,12.18,0.845,1.456,24.47,29.17,46.35,2.302
Leeds,T2,home,1572,1:1,13.55,0:0,13.04,1:1,13.55,0.929,1.147,30.03,30.03,39.95,2.076
Leeds,T3,away,4393,1:0,13.91,1:1,11.79,0:1,13.91,0.799,1.453,21.53,27.95,50.51,2.251
Leeds,T3,home,4295,0:1,14.74,0:0,12.97,0:1,14.74,0.893,1.177,28.73,28.22,43.05,2.07
Leeds,T4,away,5815,1:0,14.91,1:1,12.16,0:1,14.91,0.702,1.519,17.35,27.79,54.86,2.221
Leeds,T4,home,6046,0:1,17.48,0:0,13.08,0:1,17.48,0.817,1.167,26.27,28.58,45.15,1.983
Liverpool,T1,away,7531,0:1,11.58,1:1,11.53,1:0,11.58,1.515,1.076,49.5,23.61,26.89,2.591
Liverpool,T1,home,7336,2:0,14.01,1:0,11.63,2:0,14.01,2.033,0.769,66.97,18.24,14.79,2.802
Liverpool,T2,away,3455,1:1,12.91,0:1,11.03,1:1,12.91,1.446,1.095,44.95,25.15,29.9,2.54
Liverpool,T2,home,3585,2:0,13.67,1:0,11.58,2:0,13.67,1.806,0.852,58.52,22.01,19.47,2.658
Liverpool,T3,away,1040,1:1,13.08,0:1,12.6,1:1,13.08,1.388,1.138,42.69,23.17,34.13,2.525
Liverpool,T3,home,1071,2:0,15.59,1:1,9.34,2:0,15.59,1.828,0.844,58.08,21.94,19.98,2.672
Liverpool,T4,away,230,0:1,17.39,1:2,10.43,1:0,17.39,1.465,1.104,50.43,19.57,30.0,2.57
Liverpool,T4,home,262,2:0,16.79,1:0,11.07,2:0,16.79,1.889,0.859,63.36,19.85,16.79,2.748
London Guns,T1,away,4612,1:1,10.52,0:1,9.74,1:1,10.52,1.395,1.25,42.19,23.44,34.37,2.645
London Guns,T1,home,4426,2:1,10.37,1:0,9.99,2:1,10.37,1.899,1.024,59.08,20.76,20.15,2.923
London Guns,T2,away,4655,1:1,10.68,1:0,9.71,1:1,10.68,1.366,1.305,38.17,23.93,37.89,2.671
London Guns,T2,home,4593,1:1,10.28,1:0,10.23,1:1,10.28,1.776,1.101,53.86,21.62,24.52,2.877
London Guns,T3,away,2354,1:0,12.49,1:1,10.24,0:1,12.49,1.266,1.336,32.92,24.55,42.52,2.602
London Guns,T3,home,2444,1:0,10.19,1:1,9.29,1:0,10.19,1.79,1.153,53.23,21.4,25.37,2.943
London Guns,T4,away,663,2:0,11.92,1:1,10.26,0:2,11.92,1.256,1.49,30.47,24.13,45.4,2.747
London Guns,T4,home,760,1:0,10.13,2:1,9.87,1:0,10.13,1.821,1.016,56.45,17.63,25.92,2.837
Manchester Blue,T1,away,7863,1:1,10.45,0:2,9.45,1:1,10.45,1.67,1.12,51.37,23.22,25.41,2.79
Manchester Blue,T1,home,7790,2:0,10.91,2:1,9.95,2:0,10.91,2.219,0.904,67.97,16.35,15.67,3.123
Manchester Blue,T2,away,3025,0:2,10.21,0:1,9.55,2:0,10.21,1.568,1.155,48.63,22.91,28.46,2.723
Manchester Blue,T2,home,3016,2:0,9.48,1:1,8.12,2:0,9.48,2.135,1.044,60.41,19.76,19.83,3.179
Manchester Blue,T3,away,1000,1:1,10.4,0:0,8.0,1:1,10.4,1.504,1.259,41.2,24.2,34.6,2.763
Manchester Blue,T3,home,1083,2:0,12.37,1:1,10.06,2:0,12.37,1.833,1.102,53.92,21.79,24.28,2.934
Manchester Blue,T4,away,361,1:1,13.02,2:0,10.25,1:1,13.02,1.529,1.235,45.71,19.67,34.63,2.765
Manchester Blue,T4,home,368,1:0,12.5,1:2,10.6,1:0,12.5,1.861,1.323,52.72,16.85,30.43,3.185
Manchester Red,T1,away,7190,0:1,14.42,1:1,10.95,1:0,14.42,1.493,1.03,51.04,22.32,26.63,2.523
Manchester Red,T1,home,6943,1:0,12.33,2:0,11.05,1:0,12.33,1.872,0.869,62.98,20.38,16.64,2.741
Manchester Red,T2,away,3496,1:1,11.81,0:1,11.7,1:1,11.81,1.437,1.096,45.11,23.34,31.55,2.533
Manchester Red,T2,home,3666,2:0,13.56,1:1,11.51,2:0,13.56,1.864,0.926,60.09,20.73,19.18,2.79
Manchester Red,T3,away,1167,2:1,12.08,1:0,10.37,1:2,12.08,1.466,1.189,42.07,21.85,36.08,2.656
Manchester Red,T3,home,1214,2:0,12.69,1:0,10.38,2:0,12.69,1.745,0.959,56.75,19.11,24.14,2.703
Manchester Red,T4,away,359,2:1,13.93,0:2,12.26,1:2,13.93,1.318,1.214,38.16,20.61,41.23,2.532
Manchester Red,T4,home,467,2:0,12.63,2:1,9.64,2:0,12.63,1.698,0.951,54.18,19.91,25.91,2.649
Newcastle,T1,away,412,2:0,10.68,1:0,10.19,0:2,10.68,0.908,1.983,19.17,20.15,60.68,2.891
Newcastle,T1,home,362,1:1,13.26,1:2,11.33,1:1,13.26,1.265,1.381,34.25,26.24,39.5,2.646
Newcastle,T2,away,1743,1:0,12.39,2:0,10.96,0:1,12.39,0.883,1.779,22.6,19.39,58.0,2.662
Newcastle,T2,home,1606,1:1,11.96,0:0,10.21,1:1,11.96,1.265,1.265,37.42,29.39,33.19,2.529
Newcastle,T3,away,4076,1:0,13.67,2:0,12.0,0:1,13.67,0.822,1.774,19.48,20.04,60.48,2.596
Newcastle,T3,home,3982,1:1,11.3,1:0,9.34,1:1,11.3,1.151,1.342,33.55,25.79,40.66,2.493
Newcastle,T4,away,6035,1:0,12.92,1:1,11.2,0:1,12.92,0.863,1.769,18.48,22.44,59.09,2.632
Newcastle,T4,home,6279,1:1,12.01,0:1,10.3,1:1,12.01,1.091,1.468,29.22,24.62,46.15,2.559
Tottenham,T1,away,5015,0:1,11.13,1:1,10.25,1:0,11.13,1.421,1.209,44.63,23.63,31.74,2.63
Tottenham,T1,home,4683,2:0,13.18,1:1,10.74,2:0,13.18,1.84,0.867,59.45,23.06,17.49,2.707
Tottenham,T2,away,4721,1:1,11.63,0:1,9.66,1:1,11.63,1.279,1.311,37.36,24.97,37.66,2.589
Tottenham,T2,home,4772,1:1,11.97,2:0,11.92,1:1,11.97,1.674,0.932,54.82,23.74,21.44,2.606
Tottenham,T3,away,2053,1:0,11.59,1:1,11.35,0:1,11.59,1.246,1.383,32.39,26.3,41.31,2.63
Tottenham,T3,home,2165,1:1,13.26,2:1,11.04,1:1,13.26,1.652,0.943,55.33,23.97,20.69,2.595
Tottenham,T4,away,492,1:1,12.4,2:1,10.98,1:1,12.4,1.313,1.311,35.16,27.44,37.4,2.624
Tottenham,T4,home,597,1:1,14.91,2:1,11.39,1:1,14.91,1.687,0.955,54.94,27.64,17.42,2.642
West Ham,T1,away,1419,0:1,10.08,1:0,8.81,1:0,10.08,1.213,1.44,35.24,22.62,42.14,2.653
West Ham,T1,home,1272,1:1,13.99,1:0,12.58,1:1,13.99,1.397,1.179,43.95,24.14,31.92,2.576
West Ham,T2,away,3697,1:1,11.55,2:1,9.12,1:1,11.55,1.162,1.581,29.0,24.59,46.42,2.744
West Ham,T2,home,3696,1:1,13.01,1:0,11.53,1:1,13.01,1.41,1.179,44.24,23.92,31.85,2.589
West Ham,T3,away,4253,1:1,11.47,2:1,10.06,1:1,11.47,1.208,1.675,27.93,23.4,48.67,2.883
West Ham,T3,home,4207,1:1,12.53,1:0,9.53,1:1,12.53,1.35,1.309,37.58,26.48,35.94,2.659
West Ham,T4,away,2889,2:1,10.38,1:1,10.38,1:2,10.38,1.119,1.754,24.06,21.39,54.55,2.873
West Ham,T4,home,3066,1:1,12.46,0:1,9.95,1:1,12.46,1.289,1.335,34.57,24.59,40.83,2.624
Wolverhampton,T1,away,927,2:1,10.57,1:1,9.82,1:2,10.57,1.233,1.711,30.85,21.36,47.79,2.944
Wolverhampton,T1,home,863,1:1,10.78,2:1,9.39,1:1,10.78,1.517,1.389,41.6,20.86,37.54,2.906
Wolverhampton,T2,away,3028,1:1,10.07,2:1,9.97,1:1,10.07,1.208,1.723,29.03,21.99,48.98,2.932
Wolverhampton,T2,home,2893,1:1,9.78,1:0,8.75,1:1,9.78,1.444,1.411,40.72,20.64,38.65,2.855
Wolverhampton,T3,away,4716,2:1,10.92,1:1,10.39,1:2,10.92,1.165,1.814,24.6,23.35,52.06,2.979
Wolverhampton,T3,home,4752,1:1,10.02,1:0,8.61,1:1,10.02,1.439,1.433,39.6,21.28,39.12,2.872
Wolverhampton,T4,away,3579,2:1,11.48,2:0,11.29,1:2,11.48,1.004,1.866,20.73,19.42,59.85,2.869
Wolverhampton,T4,home,3752,1:1,10.9,1:2,8.02,1:1,10.9,1.401,1.476,37.02,22.44,40.54,2.877
