group,n,top1_scoreline,top1_pct,top2_scoreline,top2_pct,entropy_scoreline,mean_total_goals,pct_draw
H12_A1,893,0:1,16.8,1:1,10.08,3.97,2.458,22.06
H16_A1,724,0:1,16.71,0:2,13.12,3.955,2.568,18.23
H11_A16,885,1:0,15.93,1:1,11.53,3.935,2.436,23.95
H14_A1,819,0:1,15.87,1:1,11.97,4.015,2.536,24.18
H14_A3,801,0:1,15.86,1:1,10.99,4.073,2.544,23.35
H13_A1,803,0:1,15.82,1:1,11.08,4.063,2.621,22.91
H5_A15,825,2:0,15.76,1:0,11.39,3.938,2.686,20.36
H4_A13,807,2:0,15.74,1:0,11.28,4.086,2.848,18.84
H16_A2,868,0:1,15.67,1:2,13.48,3.882,2.439,21.89
H16_A5,876,0:1,15.64,1:2,11.76,3.973,2.445,21.23
H6_A15,806,2:0,15.63,2:1,12.78,3.962,2.663,20.35
H9_A16,833,1:0,15.61,2:0,13.69,3.942,2.487,20.05
H1_A10,836,2:0,15.55,1:0,10.89,3.988,2.745,17.22
H14_A15,970,1:1,15.36,1:0,12.68,3.964,2.333,31.03
H12_A8,814,1:1,15.36,1:0,11.67,3.974,2.284,32.68
H2_A16,730,1:0,15.34,2:1,12.33,3.936,2.744,15.21
H10_A15,860,1:0,15.23,1:1,11.4,3.965,2.387,23.02
H16_A3,856,0:1,15.19,0:2,13.32,3.946,2.54,18.57
H8_A16,824,1:0,15.17,1:1,13.59,3.947,2.517,24.15
H13_A8,825,1:1,15.15,0:1,10.55,4.113,2.505,30.3
H7_A8,819,1:1,15.14,1:0,10.13,4.067,2.557,26.74
H16_A8,924,0:1,15.04,1:1,11.47,4.053,2.431,25.22
H1_A14,766,2:0,15.01,1:0,13.05,3.928,2.731,18.28
H8_A1,931,0:1,14.93,1:1,11.17,4.035,2.517,22.88
H7_A16,726,1:0,14.88,2:0,12.95,3.925,2.569,20.94
H4_A16,753,1:0,14.87,2:0,13.28,3.914,2.661,18.86
H16_A7,936,0:1,14.85,1:1,12.39,4.032,2.435,24.15
H13_A10,862,1:1,14.85,2:1,9.4,4.132,2.59,27.61
H16_A4,824,0:1,14.81,0:2,11.41,4.015,2.573,22.09
H5_A16,771,1:0,14.79,2:0,13.36,3.928,2.616,20.36
H9_A14,785,1:1,14.78,1:0,13.12,3.939,2.386,29.81
H12_A6,854,1:1,14.64,0:1,11.48,4.088,2.498,25.29
H4_A15,745,2:0,14.63,1:0,12.35,4.012,2.773,18.12
H15_A6,837,0:1,14.58,1:1,10.63,4.027,2.442,24.37
H3_A16,764,2:0,14.53,1:0,13.09,3.967,2.832,16.88
H15_A8,860,0:1,14.42,1:1,11.86,3.955,2.305,25.35
H15_A5,826,0:1,14.41,1:1,11.86,4.018,2.492,25.18
H10_A1,856,0:1,14.37,1:2,9.11,4.138,2.614,22.55
H15_A16,877,1:1,14.37,1:0,10.72,3.889,2.342,30.67
H16_A14,871,1:1,14.35,0:1,13.43,3.888,2.284,27.44
H13_A16,941,1:1,14.35,1:0,13.5,3.896,2.37,26.35
H3_A15,851,1:0,14.34,2:0,13.51,4.019,2.749,16.45
H4_A14,803,1:0,14.32,1:1,12.7,3.947,2.643,22.17
H4_A12,807,1:0,14.25,2:0,12.76,4.062,2.7,21.19
H6_A13,815,2:0,14.23,1:0,11.78,3.911,2.474,25.03
H15_A9,900,0:1,14.22,1:1,13.44,4.021,2.411,25.89
H6_A14,794,2:0,14.11,2:1,10.45,4.07,2.654,20.4
H16_A9,865,0:1,14.1,1:1,11.91,4.026,2.428,26.82
H10_A2,848,0:1,14.03,1:1,12.03,4.102,2.598,25.35
H16_A13,863,1:1,14.02,0:1,12.51,3.918,2.284,27.0
H3_A2,873,1:1,13.97,1:0,9.85,4.17,2.668,27.38
H11_A3,825,0:1,13.94,1:1,9.09,4.096,2.508,20.48
H15_A4,792,0:1,13.89,1:2,10.73,4.07,2.582,23.36
H12_A2,871,0:1,13.89,1:1,11.48,4.081,2.527,25.03
H7_A6,801,1:1,13.86,1:0,9.86,4.182,2.618,27.47
H6_A16,802,2:0,13.84,1:0,13.34,3.904,2.59,20.32
H15_A12,826,1:1,13.8,0:0,12.23,4.032,2.385,29.78
H6_A12,826,1:0,13.8,1:1,10.9,4.085,2.673,23.12
H11_A13,870,1:0,13.79,1:1,11.84,4.061,2.425,27.59
H3_A11,806,2:0,13.77,1:0,13.4,4.069,2.811,18.73
H10_A14,821,1:0,13.76,1:1,11.94,3.979,2.429,24.36
H11_A10,851,1:0,13.75,1:1,11.99,4.047,2.467,28.2
H1_A5,873,2:0,13.75,1:0,12.26,4.136,2.746,17.07
H12_A16,896,1:1,13.73,1:0,12.05,4.024,2.5,27.46
H11_A2,816,1:1,13.73,0:1,11.64,4.017,2.483,27.57
H10_A16,846,1:0,13.71,1:1,11.47,3.986,2.446,23.29
H2_A11,796,2:0,13.69,1:0,11.43,4.173,2.839,17.84
H5_A13,791,1:0,13.65,2:0,12.52,3.999,2.716,20.99
H8_A12,799,2:0,13.64,1:0,11.51,4.031,2.459,22.4
H14_A2,847,0:2,13.58,1:1,11.69,4.012,2.479,24.79
H7_A15,825,1:0,13.58,2:0,12.97,4.028,2.619,19.88
H4_A7,832,2:0,13.58,1:1,10.82,4.159,2.72,23.08
H10_A11,833,1:0,13.57,1:1,11.64,4.138,2.574,25.33
H8_A14,789,2:0,13.56,1:0,12.17,4.056,2.556,22.69
H9_A2,856,0:1,13.55,1:1,10.63,4.069,2.421,25.7
H15_A1,850,0:1,13.53,0:2,11.06,4.043,2.682,19.76
H12_A10,829,1:1,13.51,1:0,11.58,4.045,2.433,28.59
H12_A5,815,1:1,13.5,0:1,10.67,4.108,2.492,26.87
H11_A14,845,1:1,13.49,1:0,11.36,4.016,2.422,27.57
H12_A15,838,1:1,13.48,1:0,13.37,4.019,2.487,26.97
H16_A6,891,0:1,13.47,1:1,12.68,4.01,2.479,24.8
H2_A12,780,2:0,13.46,1:0,11.41,4.071,2.769,18.72
H15_A14,855,1:1,13.45,1:0,11.58,3.994,2.347,27.72
H9_A15,759,1:1,13.44,1:0,13.31,3.916,2.354,28.59
H3_A9,863,2:0,13.44,1:1,11.01,4.223,2.787,23.06
H13_A15,834,1:1,13.43,1:0,12.71,3.954,2.414,27.7
H9_A10,827,1:1,13.42,2:0,10.52,4.163,2.583,27.33
H11_A6,861,1:1,13.36,0:1,10.92,4.121,2.494,27.41
H2_A8,876,2:0,13.36,1:0,9.93,4.166,2.76,21.69
H11_A12,914,1:0,13.35,1:1,11.05,4.025,2.425,24.62
H12_A3,839,0:1,13.35,1:1,9.42,4.149,2.652,22.88
H12_A14,847,1:1,13.34,1:0,12.16,4.056,2.502,25.5
H12_A11,834,1:1,13.31,1:0,11.99,4.003,2.384,28.3
H14_A16,894,1:1,13.31,1:0,11.07,4.038,2.46,25.73
H14_A7,806,1:1,13.28,0:1,12.66,4.043,2.417,27.05
H5_A4,922,1:1,13.23,1:0,8.89,4.265,2.721,29.18
H9_A12,856,1:1,13.2,1:0,12.73,4.023,2.481,26.05
H1_A9,872,2:0,13.19,2:1,10.55,4.14,2.909,17.43
H15_A2,828,0:1,13.16,0:2,12.8,4.026,2.591,20.53
H8_A13,783,1:0,13.15,1:1,11.49,4.079,2.524,25.16
H3_A12,792,2:0,13.13,1:0,12.75,3.981,2.659,20.08
H11_A15,884,1:1,13.12,1:0,11.65,4.048,2.515,25.9
H7_A12,808,1:1,13.12,2:0,12.13,4.016,2.491,26.86
H9_A3,802,1:1,13.09,1:2,9.6,4.127,2.564,27.93
H14_A13,887,0:1,13.08,1:0,11.95,4.014,2.262,26.27
H10_A13,843,1:0,13.05,1:1,12.22,4.043,2.463,24.44
H1_A13,782,2:0,13.04,1:0,12.15,4.001,2.862,18.03
H14_A6,828,1:1,13.04,0:1,12.32,4.046,2.47,27.42
H9_A11,830,1:1,13.01,1:0,10.24,4.097,2.588,25.06
H13_A5,854,0:1,13.0,1:1,12.65,4.027,2.432,24.94
H12_A13,886,1:0,12.98,0:0,12.75,3.937,2.249,30.47
H10_A12,833,1:1,12.97,1:0,10.8,4.047,2.466,27.25
H11_A8,872,1:1,12.96,1:0,10.55,4.144,2.506,26.72
H14_A5,896,0:1,12.95,1:1,12.28,4.068,2.468,23.55
H1_A16,704,2:0,12.93,1:0,12.64,3.939,2.814,18.04
H13_A12,876,1:1,12.9,0:1,12.21,3.94,2.29,28.77
H10_A3,799,0:1,12.89,1:1,11.76,4.075,2.544,23.03
H2_A13,823,2:0,12.88,1:0,11.91,4.009,2.73,20.17
H16_A12,924,0:1,12.88,1:1,12.77,3.993,2.374,26.84
H10_A7,862,1:1,12.88,0:1,10.44,4.121,2.506,27.03
H14_A8,878,0:1,12.87,1:1,10.59,4.095,2.448,26.65
H16_A10,824,1:1,12.86,0:1,12.14,3.984,2.316,26.09
H8_A6,824,1:1,12.86,1:0,9.47,4.124,2.504,28.28
H1_A11,833,2:0,12.85,1:0,10.32,4.212,2.933,18.13
H8_A15,802,2:0,12.84,1:0,12.09,4.067,2.53,21.95
H3_A14,835,2:0,12.81,1:0,11.62,3.992,2.744,20.96
H1_A15,742,2:0,12.8,3:0,11.05,4.053,2.929,19.81
H13_A6,781,0:1,12.8,1:1,11.65,4.069,2.53,23.3
H8_A11,813,1:0,12.79,1:1,12.3,4.048,2.453,27.92
H2_A14,782,1:0,12.79,2:1,12.02,3.89,2.749,20.72
H3_A4,845,1:1,12.78,2:1,9.35,4.192,2.825,24.26
H13_A14,884,1:1,12.78,1:0,12.33,4.022,2.406,26.02
H15_A13,953,1:1,12.7,0:0,12.17,3.994,2.305,30.01
H12_A4,835,1:1,12.69,0:1,11.86,4.071,2.521,25.75
H14_A12,906,1:1,12.69,1:0,12.69,3.913,2.221,26.49
H4_A3,900,1:1,12.67,2:0,9.22,4.214,2.764,26.0
H1_A12,804,1:0,12.56,2:0,11.69,4.053,2.891,18.53
H5_A2,910,1:1,12.53,0:1,9.78,4.231,2.769,22.75
H3_A13,742,1:0,12.53,2:0,12.53,3.983,2.701,18.19
H4_A11,822,2:0,12.53,1:0,11.92,4.172,2.777,20.32
H13_A11,831,1:1,12.52,1:0,11.43,4.079,2.437,26.71
H11_A5,799,1:1,12.52,0:1,9.89,4.159,2.602,24.41
H5_A9,887,2:0,12.51,1:0,10.48,4.133,2.648,22.89
H15_A10,848,1:0,12.5,0:1,10.61,4.125,2.409,24.17
H4_A9,897,2:1,12.49,2:0,11.26,4.098,2.74,20.51
H11_A1,841,1:1,12.49,0:1,12.37,4.102,2.646,23.78
H5_A14,809,2:1,12.48,2:0,12.24,4.087,2.713,20.4
H7_A13,778,1:0,12.47,2:0,11.57,4.047,2.617,24.04
H10_A9,850,1:1,12.47,0:0,9.41,4.075,2.466,27.65
H6_A4,875,1:0,12.46,1:1,12.23,4.133,2.555,26.06
H6_A9,811,1:1,12.45,1:0,10.97,4.109,2.609,26.39
H1_A8,787,2:0,12.45,1:0,11.05,4.106,2.87,18.93
H1_A2,884,2:1,12.44,2:0,11.88,4.157,2.796,17.42
H13_A4,884,0:1,12.44,1:1,11.88,4.085,2.552,23.76
H14_A11,845,1:1,12.43,0:0,11.12,4.125,2.45,28.17
H2_A7,837,2:1,12.43,1:0,10.87,4.184,2.72,21.27
H15_A7,894,0:1,12.42,1:1,10.96,4.07,2.508,23.15
H14_A10,862,1:0,12.41,1:1,10.56,4.101,2.452,25.64
H5_A3,879,1:1,12.4,1:0,10.47,4.226,2.662,27.08
H11_A9,888,1:1,12.39,1:0,11.26,4.131,2.557,26.69
H5_A6,851,1:1,12.34,2:0,10.11,4.106,2.575,26.91
H8_A10,852,2:0,12.32,1:1,12.21,4.079,2.462,25.35
H14_A9,901,1:1,12.32,0:0,10.54,4.013,2.349,26.42
H9_A7,828,1:1,12.32,2:0,10.75,4.104,2.53,25.85
H10_A6,894,1:1,12.3,0:1,11.19,4.157,2.566,25.17
H13_A9,886,0:1,12.3,1:1,12.19,4.133,2.518,27.88
H14_A4,870,1:2,12.3,1:1,11.84,4.04,2.551,23.45
H7_A11,838,2:0,12.29,1:1,11.58,4.096,2.519,26.37
H5_A12,790,2:0,12.28,1:0,12.03,4.08,2.652,22.15
H7_A14,826,1:0,12.23,2:0,11.26,3.992,2.568,21.43
H13_A3,867,0:1,12.23,0:2,11.3,3.996,2.449,27.8
H12_A7,867,1:1,12.23,0:1,11.76,4.06,2.419,26.53
H15_A11,916,0:0,12.23,1:1,10.81,4.116,2.445,28.06
H16_A15,903,0:1,12.18,1:1,11.18,4.006,2.363,26.02
H8_A9,840,1:0,12.14,1:1,10.83,4.112,2.558,21.55
H10_A8,899,1:1,12.12,1:0,10.46,4.14,2.491,26.14
H7_A10,852,1:1,12.09,2:0,11.62,4.098,2.574,24.3
H9_A6,860,1:1,12.09,1:0,11.16,4.117,2.466,26.74
H8_A4,834,1:1,11.99,1:2,8.99,4.219,2.624,26.5
H7_A5,952,1:1,11.97,1:0,10.4,4.072,2.48,24.58
H4_A6,802,1:1,11.97,2:0,9.85,4.182,2.625,26.56
H2_A3,804,2:1,11.94,1:1,11.07,4.164,2.757,21.77
H15_A3,838,0:1,11.93,1:2,11.69,4.1,2.634,23.15
H4_A10,838,2:0,11.93,1:0,11.34,4.104,2.697,20.76
H3_A6,859,1:1,11.87,1:0,10.01,4.141,2.654,23.98
H1_A6,801,2:0,11.86,1:0,10.86,4.171,2.798,20.72
H7_A2,844,1:1,11.85,0:1,9.95,4.151,2.576,23.34
H13_A2,870,1:2,11.84,0:1,11.61,4.132,2.637,22.87
H13_A7,879,0:1,11.83,1:1,11.6,4.094,2.463,25.14
H4_A1,947,1:1,11.83,0:1,9.61,4.229,2.675,24.5
H2_A10,788,2:0,11.8,1:1,11.17,4.085,2.741,22.97
H2_A15,772,1:0,11.79,2:0,11.66,4.13,2.922,18.13
H6_A7,874,1:1,11.78,1:0,10.18,4.145,2.533,25.4
H9_A4,816,1:1,11.76,0:1,8.7,4.188,2.605,27.45
H2_A5,859,1:0,11.76,1:1,10.48,4.12,2.705,22.0
H16_A11,920,1:1,11.74,0:0,10.76,4.06,2.384,28.59
H1_A7,787,1:0,11.69,2:0,11.56,4.119,2.82,16.14
H3_A8,907,1:1,11.69,1:0,11.47,4.121,2.657,22.16
H7_A3,899,1:1,11.68,0:1,11.12,4.093,2.516,22.58
H2_A9,779,2:0,11.68,1:0,10.4,4.13,2.786,22.59
H5_A8,806,2:0,11.66,1:0,11.29,4.114,2.582,22.46
H9_A1,828,0:1,11.59,1:2,10.02,4.078,2.593,23.07
H6_A2,915,1:1,11.58,1:0,10.49,4.196,2.616,22.08
H7_A9,838,1:1,11.46,2:1,9.9,4.192,2.643,23.15
H11_A4,777,1:1,11.45,0:1,11.2,4.127,2.501,24.07
H6_A10,842,1:1,11.4,2:0,10.45,4.098,2.605,24.23
H6_A3,906,1:1,11.37,1:0,9.38,4.201,2.652,24.5
H9_A13,819,1:1,11.36,2:0,11.11,4.1,2.525,24.54
H6_A5,838,1:1,11.34,1:0,9.43,4.22,2.748,23.03
H8_A3,886,1:1,11.29,0:2,9.37,4.126,2.524,27.2
H8_A2,833,1:1,11.28,0:1,10.92,4.212,2.672,24.85
H6_A8,826,1:1,11.26,2:0,11.02,4.13,2.598,24.09
H11_A7,847,1:1,11.22,0:1,9.68,4.145,2.486,24.44
H4_A5,786,1:1,11.2,2:1,9.54,4.207,2.673,24.68
H2_A6,882,2:1,11.11,2:0,10.88,4.178,2.756,21.09
H5_A11,794,1:1,11.08,1:0,10.96,4.152,2.684,23.43
H12_A9,871,0:1,11.02,1:1,10.91,4.142,2.483,26.06
H5_A7,854,2:0,11.01,1:0,10.19,4.176,2.662,23.54
H8_A7,854,1:1,11.01,1:0,9.84,4.222,2.639,26.35
H4_A8,891,1:1,11.0,2:0,10.66,4.117,2.677,22.45
H3_A10,828,1:0,10.99,1:1,10.75,4.117,2.676,21.74
H3_A1,919,0:1,10.99,2:1,10.23,4.221,2.789,21.0
H6_A11,832,1:0,10.94,1:1,10.22,4.188,2.631,24.04
H10_A4,868,1:1,10.94,0:1,9.22,4.195,2.603,23.16
H9_A5,827,1:1,10.88,1:0,10.52,4.125,2.513,24.67
H8_A5,828,0:1,10.87,1:1,9.9,4.171,2.533,23.79
H7_A1,883,0:2,10.87,0:1,10.65,4.136,2.63,23.22
H9_A8,847,1:1,10.86,1:0,10.86,4.154,2.528,24.09
H4_A2,878,1:1,10.82,2:1,9.91,4.181,2.697,22.67
H10_A5,890,0:1,10.79,1:1,10.67,4.171,2.497,23.82
H1_A4,893,1:0,10.75,2:1,10.08,4.144,2.798,19.6
H2_A4,932,1:0,10.73,1:1,10.3,4.245,2.754,20.28
H7_A4,845,1:1,10.65,1:0,9.47,4.193,2.596,25.21
H3_A7,827,2:0,10.64,1:0,9.79,4.203,2.711,23.34
H5_A1,913,0:1,10.51,1:1,10.51,4.204,2.719,22.12
H6_A1,935,0:1,10.48,1:1,9.84,4.161,2.723,20.53
H1_A3,876,1:0,10.39,2:0,10.16,4.189,2.806,18.61
H5_A10,771,1:0,10.38,2:0,10.12,4.224,2.803,22.31
H3_A5,833,1:1,10.32,1:0,9.36,4.233,2.786,23.53
H2_A1,937,0:1,9.82,1:0,9.07,4.248,2.729,22.09
