team,opponent,role,n,mean_team_goals,mean_opp_goals,mean_total,pct_odd_total,pct_win
Aston Villa,Bournemouth,away,865,1.505,0.844,2.349,39.77,58.15
Aston Villa,Bournemouth,home,809,1.712,0.6,2.311,45.98,57.97
Aston Villa,Brighton,away,852,1.113,1.109,2.222,56.46,38.62
Aston Villa,Brighton,home,828,1.671,0.8,2.471,43.96,50.85
Aston Villa,Chelsea,away,842,0.988,1.361,2.349,50.83,25.3
Aston Villa,Chelsea,home,874,1.305,1.211,2.516,58.7,39.59
Aston Villa,Crystal Palace,away,825,1.772,0.793,2.565,41.7,60.61
Aston Villa,Crystal Palace,home,835,2.089,0.656,2.745,45.99,67.66
Aston Villa,Everton,away,829,0.76,1.148,1.908,46.08,21.95
Aston Villa,Everton,home,864,1.337,0.601,1.938,52.31,54.4
Aston Villa,Fulham,away,865,1.56,0.54,2.099,34.45,59.88
Aston Villa,Fulham,home,856,1.894,0.568,2.461,46.85,69.63
Aston Villa,Leeds,away,837,1.192,0.692,1.884,54.36,53.88
Aston Villa,Leeds,home,822,1.5,0.698,2.198,50.24,57.42
Aston Villa,Liverpool,away,813,0.9,1.685,2.585,46.74,16.24
Aston Villa,Liverpool,home,839,1.13,1.242,2.372,61.98,35.04
Aston Villa,London Guns,away,897,1.078,1.353,2.431,49.61,27.98
Aston Villa,London Guns,home,864,1.214,0.858,2.072,48.84,48.61
Aston Villa,Manchester Blue,away,860,1.098,1.802,2.9,52.79,25.23
Aston Villa,Manchester Blue,home,840,1.211,1.383,2.594,45.12,34.05
Aston Villa,Manchester Red,away,846,0.862,1.494,2.356,63.71,26.71
Aston Villa,Manchester Red,home,824,0.921,1.045,1.966,48.79,31.07
Aston Villa,Newcastle,away,846,1.616,0.862,2.478,52.01,55.56
Aston Villa,Newcastle,home,850,1.829,0.504,2.333,35.41,69.18
Aston Villa,Tottenham,away,859,1.003,1.234,2.237,51.92,29.45
Aston Villa,Tottenham,home,870,1.338,1.003,2.341,41.49,36.55
Aston Villa,West Ham,away,833,1.193,0.99,2.184,51.5,44.3
Aston Villa,West Ham,home,838,1.615,1.074,2.689,47.85,51.07
Aston Villa,Wolverhampton,away,888,1.62,1.208,2.829,43.47,51.58
Aston Villa,Wolverhampton,home,815,1.788,0.969,2.757,42.82,55.46
Bournemouth,Aston Villa,away,809,0.6,1.712,2.311,45.98,11.25
Bournemouth,Aston Villa,home,865,0.844,1.505,2.349,39.77,21.73
Bournemouth,Brighton,away,839,0.77,1.482,2.251,55.42,11.8
Bournemouth,Brighton,home,862,0.961,1.031,1.992,55.1,33.18
Bournemouth,Chelsea,away,843,0.657,2.16,2.817,54.45,9.49
Bournemouth,Chelsea,home,855,0.752,1.55,2.302,44.44,14.74
Bournemouth,Crystal Palace,away,858,1.167,1.516,2.683,48.02,28.21
Bournemouth,Crystal Palace,home,843,1.288,1.017,2.305,44.96,42.82
Bournemouth,Everton,away,875,0.585,1.329,1.914,44.46,18.63
Bournemouth,Everton,home,851,0.796,1.273,2.068,52.17,20.68
Bournemouth,Fulham,away,864,0.924,1.111,2.035,51.39,30.9
Bournemouth,Fulham,home,835,1.159,0.813,1.972,48.74,43.59
Bournemouth,Leeds,away,837,0.703,1.337,2.039,48.39,19.24
Bournemouth,Leeds,home,844,0.959,0.976,1.935,48.7,30.81
Bournemouth,Liverpool,away,884,0.665,2.146,2.811,37.44,11.09
Bournemouth,Liverpool,home,838,0.776,1.969,2.745,42.24,11.46
Bournemouth,London Guns,away,835,0.692,2.212,2.904,54.49,11.26
Bournemouth,London Guns,home,872,0.894,1.585,2.479,47.25,21.79
Bournemouth,Manchester Blue,away,817,0.659,2.348,3.006,45.78,6.12
Bournemouth,Manchester Blue,home,839,0.794,2.097,2.89,46.36,14.54
Bournemouth,Manchester Red,away,868,0.691,2.094,2.786,43.55,6.68
Bournemouth,Manchester Red,home,870,0.769,1.736,2.505,57.36,17.24
Bournemouth,Newcastle,away,848,0.899,1.311,2.21,54.01,30.19
Bournemouth,Newcastle,home,836,1.154,1.175,2.329,40.55,34.69
Bournemouth,Tottenham,away,834,0.644,2.112,2.755,47.72,7.07
Bournemouth,Tottenham,home,803,0.814,1.417,2.232,45.58,17.56
Bournemouth,West Ham,away,836,0.87,1.81,2.679,37.56,15.79
Bournemouth,West Ham,home,842,1.089,1.437,2.526,52.38,31.24
Bournemouth,Wolverhampton,away,825,1.171,1.899,3.07,46.42,27.03
Bournemouth,Wolverhampton,home,853,1.508,1.484,2.992,44.55,31.89
Brighton,Aston Villa,away,828,0.8,1.671,2.471,43.96,13.29
Brighton,Aston Villa,home,852,1.109,1.113,2.222,56.46,36.5
Brighton,Bournemouth,away,862,1.031,0.961,1.992,55.1,38.75
Brighton,Bournemouth,home,839,1.482,0.77,2.251,55.42,60.91
Brighton,Chelsea,away,841,0.803,1.924,2.727,41.26,12.72
Brighton,Chelsea,home,879,1.232,1.63,2.862,47.55,32.99
Brighton,Crystal Palace,away,864,1.787,1.231,3.019,47.92,46.18
Brighton,Crystal Palace,home,904,1.489,1.062,2.551,58.63,54.2
Brighton,Everton,away,825,0.644,1.177,1.821,42.91,19.76
Brighton,Everton,home,884,1.398,0.894,2.292,45.25,54.41
Brighton,Fulham,away,844,1.114,0.865,1.979,58.53,47.87
Brighton,Fulham,home,823,1.355,0.74,2.095,49.82,53.58
Brighton,Leeds,away,832,1.031,0.906,1.938,40.14,35.22
Brighton,Leeds,home,851,0.967,0.87,1.837,56.52,36.43
Brighton,Liverpool,away,834,0.592,2.101,2.693,51.8,12.95
Brighton,Liverpool,home,830,1.022,1.541,2.563,47.35,26.75
Brighton,London Guns,away,845,0.869,1.925,2.794,39.64,15.62
Brighton,London Guns,home,856,1.053,1.279,2.332,60.28,32.94
Brighton,Manchester Blue,away,898,0.801,2.296,3.097,48.66,15.26
Brighton,Manchester Blue,home,818,1.075,1.656,2.731,43.77,20.42
Brighton,Manchester Red,away,855,0.703,2.09,2.793,43.04,8.89
Brighton,Manchester Red,home,874,0.986,1.415,2.402,43.14,27.12
Brighton,Newcastle,away,850,0.862,1.201,2.064,40.24,25.18
Brighton,Newcastle,home,812,1.339,0.901,2.24,50.86,50.49
Brighton,Tottenham,away,817,0.821,1.834,2.655,51.04,21.79
Brighton,Tottenham,home,838,1.044,1.167,2.211,45.7,29.24
Brighton,West Ham,away,849,0.98,1.373,2.353,41.7,30.86
Brighton,West Ham,home,831,1.48,1.233,2.714,44.4,43.92
Brighton,Wolverhampton,away,848,1.229,1.533,2.762,44.58,30.54
Brighton,Wolverhampton,home,800,1.568,1.368,2.935,61.75,41.5
Chelsea,Aston Villa,away,874,1.211,1.305,2.516,58.7,36.38
Chelsea,Aston Villa,home,842,1.361,0.988,2.349,50.83,45.84
Chelsea,Bournemouth,away,855,1.55,0.752,2.302,44.44,56.26
Chelsea,Bournemouth,home,843,2.16,0.657,2.817,54.45,78.41
Chelsea,Brighton,away,879,1.63,1.232,2.862,47.55,43.91
Chelsea,Brighton,home,841,1.924,0.803,2.727,41.26,62.78
Chelsea,Crystal Palace,away,869,1.788,0.901,2.689,49.83,54.43
Chelsea,Crystal Palace,home,853,2.142,0.732,2.873,42.56,68.35
Chelsea,Everton,away,838,1.246,1.064,2.31,46.3,40.93
Chelsea,Everton,home,849,1.764,0.836,2.601,48.53,58.19
Chelsea,Fulham,away,860,1.647,0.853,2.5,47.44,55.81
Chelsea,Fulham,home,862,2.217,0.557,2.774,46.29,78.07
Chelsea,Leeds,away,814,1.64,0.686,2.326,51.47,63.64
Chelsea,Leeds,home,828,1.897,0.598,2.495,45.65,68.6
Chelsea,Liverpool,away,837,1.24,1.504,2.744,52.45,32.5
Chelsea,Liverpool,home,851,1.442,1.298,2.74,51.23,40.07
Chelsea,London Guns,away,836,1.437,1.855,3.292,45.22,26.08
Chelsea,London Guns,home,880,1.631,1.168,2.799,61.93,55.0
Chelsea,Manchester Blue,away,843,1.248,1.868,3.116,56.11,32.27
Chelsea,Manchester Blue,home,816,1.521,1.558,3.078,52.21,39.34
Chelsea,Manchester Red,away,861,1.214,1.533,2.747,62.14,36.24
Chelsea,Manchester Red,home,840,1.544,1.364,2.908,65.6,47.98
Chelsea,Newcastle,away,818,2.06,1.119,3.178,47.43,56.48
Chelsea,Newcastle,home,862,2.342,0.788,3.13,45.48,78.89
Chelsea,Tottenham,away,816,1.217,1.585,2.801,46.81,27.94
Chelsea,Tottenham,home,866,1.651,1.135,2.786,59.93,51.73
Chelsea,West Ham,away,834,1.749,1.171,2.921,42.69,45.44
Chelsea,West Ham,home,834,2.054,1.12,3.174,41.37,53.84
Chelsea,Wolverhampton,away,847,2.043,1.024,3.066,51.36,63.28
Chelsea,Wolverhampton,home,839,2.173,0.995,3.168,43.15,64.72
Crystal Palace,Aston Villa,away,835,0.656,2.089,2.745,45.99,11.74
Crystal Palace,Aston Villa,home,825,0.793,1.772,2.565,41.7,13.21
Crystal Palace,Bournemouth,away,843,1.017,1.288,2.305,44.96,28.59
Crystal Palace,Bournemouth,home,858,1.516,1.167,2.683,48.02,42.07
Crystal Palace,Brighton,away,904,1.062,1.489,2.551,58.63,22.23
Crystal Palace,Brighton,home,864,1.231,1.787,3.019,47.92,31.6
Crystal Palace,Chelsea,away,853,0.732,2.142,2.873,42.56,8.79
Crystal Palace,Chelsea,home,869,0.901,1.788,2.689,49.83,13.23
Crystal Palace,Everton,away,852,0.626,1.56,2.185,54.93,16.2
Crystal Palace,Everton,home,851,1.095,1.007,2.102,48.77,35.14
Crystal Palace,Fulham,away,825,0.965,1.029,1.994,50.79,32.36
Crystal Palace,Fulham,home,837,1.286,0.932,2.217,52.33,43.73
Crystal Palace,Leeds,away,832,0.849,1.261,2.109,50.6,22.24
Crystal Palace,Leeds,home,859,1.15,0.952,2.102,41.68,35.51
Crystal Palace,Liverpool,away,866,0.49,2.542,3.031,43.3,9.58
Crystal Palace,Liverpool,home,863,0.709,1.921,2.63,43.11,10.89
Crystal Palace,London Guns,away,848,0.834,2.226,3.06,51.77,11.56
Crystal Palace,London Guns,home,804,1.082,1.934,3.016,50.12,21.89
Crystal Palace,Manchester Blue,away,854,0.845,2.434,3.28,62.65,15.22
Crystal Palace,Manchester Blue,home,859,0.95,2.05,3.0,49.01,12.11
Crystal Palace,Manchester Red,away,784,0.612,2.376,2.989,62.37,5.23
Crystal Palace,Manchester Red,home,860,0.965,1.729,2.694,58.02,21.63
Crystal Palace,Newcastle,away,839,1.079,1.347,2.426,46.13,31.59
Crystal Palace,Newcastle,home,840,1.439,1.131,2.57,44.4,40.48
Crystal Palace,Tottenham,away,843,0.649,2.348,2.996,47.69,7.83
Crystal Palace,Tottenham,home,828,0.915,1.786,2.702,42.63,15.46
Crystal Palace,West Ham,away,843,1.135,1.662,2.797,42.7,27.64
Crystal Palace,West Ham,home,837,1.352,1.319,2.671,57.59,38.71
Crystal Palace,Wolverhampton,away,854,1.043,1.971,3.014,52.69,16.51
Crystal Palace,Wolverhampton,home,843,1.544,1.269,2.814,36.3,43.77
Everton,Aston Villa,away,864,0.601,1.337,1.938,52.31,20.72
Everton,Aston Villa,home,829,1.148,0.76,1.908,46.08,43.31
Everton,Bournemouth,away,851,1.273,0.796,2.068,52.17,48.88
Everton,Bournemouth,home,875,1.329,0.585,1.914,44.46,53.94
Everton,Brighton,away,884,0.894,1.398,2.292,45.25,21.49
Everton,Brighton,home,825,1.177,0.644,1.821,42.91,47.76
Everton,Chelsea,away,849,0.836,1.764,2.601,48.53,14.96
Everton,Chelsea,home,838,1.064,1.246,2.31,46.3,35.2
Everton,Crystal Palace,away,851,1.007,1.095,2.102,48.77,29.96
Everton,Crystal Palace,home,852,1.56,0.626,2.185,54.93,60.45
Everton,Fulham,away,815,1.072,0.769,1.842,54.85,44.54
Everton,Fulham,home,863,1.371,0.729,2.1,52.84,53.42
Everton,Leeds,away,873,1.041,0.629,1.67,39.4,42.96
Everton,Leeds,home,833,1.067,0.546,1.613,47.3,51.02
Everton,Liverpool,away,874,0.59,1.681,2.271,51.6,15.1
Everton,Liverpool,home,845,0.73,1.331,2.062,51.6,23.43
Everton,London Guns,away,857,0.943,1.579,2.522,46.32,23.1
Everton,London Guns,home,805,1.04,1.161,2.201,39.25,33.79
Everton,Manchester Blue,away,810,0.688,1.99,2.678,49.75,14.32
Everton,Manchester Blue,home,850,0.909,1.494,2.404,41.06,21.88
Everton,Manchester Red,away,831,0.757,1.765,2.522,38.99,15.88
Everton,Manchester Red,home,823,0.985,1.315,2.3,59.17,28.55
Everton,Newcastle,away,858,0.939,0.896,1.836,39.51,34.15
Everton,Newcastle,home,819,1.549,0.648,2.198,51.77,59.46
Everton,Tottenham,away,809,0.92,1.659,2.578,49.44,24.23
Everton,Tottenham,home,864,1.192,1.088,2.28,43.98,40.28
Everton,West Ham,away,836,1.138,1.222,2.36,49.4,35.77
Everton,West Ham,home,897,1.254,1.05,2.304,55.85,42.7
Everton,Wolverhampton,away,833,0.972,1.256,2.228,50.18,29.05
Everton,Wolverhampton,home,868,1.518,1.016,2.535,58.06,52.07
Fulham,Aston Villa,away,856,0.568,1.894,2.461,46.85,10.16
Fulham,Aston Villa,home,865,0.54,1.56,2.099,34.45,9.48
Fulham,Bournemouth,away,835,0.813,1.159,1.972,48.74,29.34
Fulham,Bournemouth,home,864,1.111,0.924,2.035,51.39,34.14
Fulham,Brighton,away,823,0.74,1.355,2.095,49.82,19.68
Fulham,Brighton,home,844,0.865,1.114,1.979,58.53,28.08
Fulham,Chelsea,away,862,0.557,2.217,2.774,46.29,5.68
Fulham,Chelsea,home,860,0.853,1.647,2.5,47.44,18.26
Fulham,Crystal Palace,away,837,0.932,1.286,2.217,52.33,25.33
Fulham,Crystal Palace,home,825,1.029,0.965,1.994,50.79,36.24
Fulham,Everton,away,863,0.729,1.371,2.1,52.84,21.9
Fulham,Everton,home,815,0.769,1.072,1.842,54.85,24.17
Fulham,Leeds,away,831,0.706,0.91,1.616,50.9,25.27
Fulham,Leeds,home,847,0.825,0.989,1.815,44.75,25.86
Fulham,Liverpool,away,848,0.524,1.896,2.42,37.5,8.61
Fulham,Liverpool,home,849,0.623,1.571,2.194,49.59,15.67
Fulham,London Guns,away,873,0.735,2.097,2.833,58.08,13.06
Fulham,London Guns,home,829,0.764,1.532,2.296,60.19,18.7
Fulham,Manchester Blue,away,824,0.448,2.258,2.706,48.3,6.07
Fulham,Manchester Blue,home,845,0.731,1.376,2.108,45.8,19.05
Fulham,Manchester Red,away,850,0.594,1.832,2.426,54.59,14.59
Fulham,Manchester Red,home,845,0.672,1.54,2.212,57.63,18.46
Fulham,Newcastle,away,855,0.92,1.184,2.104,41.05,21.05
Fulham,Newcastle,home,850,1.128,0.939,2.067,54.24,41.76
Fulham,Tottenham,away,839,0.582,1.775,2.356,54.47,12.04
Fulham,Tottenham,home,878,0.708,1.654,2.362,52.16,17.08
Fulham,West Ham,away,876,0.947,1.455,2.403,55.59,22.03
Fulham,West Ham,home,831,1.099,1.38,2.479,64.02,36.22
Fulham,Wolverhampton,away,798,0.965,1.674,2.639,44.86,20.43
Fulham,Wolverhampton,home,866,1.234,1.167,2.402,57.51,42.03
Leeds,Aston Villa,away,822,0.698,1.5,2.198,50.24,17.4
Leeds,Aston Villa,home,837,0.692,1.192,1.884,54.36,21.51
Leeds,Bournemouth,away,844,0.976,0.959,1.935,48.7,34.12
Leeds,Bournemouth,home,837,1.337,0.703,2.039,48.39,50.54
Leeds,Brighton,away,851,0.87,0.967,1.837,56.52,35.37
Leeds,Brighton,home,832,0.906,1.031,1.938,40.14,25.72
Leeds,Chelsea,away,828,0.598,1.897,2.495,45.65,11.35
Leeds,Chelsea,home,814,0.686,1.64,2.326,51.47,10.32
Leeds,Crystal Palace,away,859,0.952,1.15,2.102,41.68,24.68
Leeds,Crystal Palace,home,832,1.261,0.849,2.109,50.6,45.91
Leeds,Everton,away,833,0.546,1.067,1.613,47.3,19.93
Leeds,Everton,home,873,0.629,1.041,1.67,39.4,19.13
Leeds,Fulham,away,847,0.989,0.825,1.815,44.75,38.61
Leeds,Fulham,home,831,0.91,0.706,1.616,50.9,42.96
Leeds,Liverpool,away,830,0.429,1.918,2.347,42.41,5.3
Leeds,Liverpool,home,865,0.765,1.295,2.06,48.79,23.47
Leeds,London Guns,away,832,0.767,1.832,2.599,53.85,16.71
Leeds,London Guns,home,840,0.787,1.252,2.039,48.21,24.4
Leeds,Manchester Blue,away,851,0.659,2.165,2.824,44.07,5.76
Leeds,Manchester Blue,home,871,0.59,1.54,2.13,50.86,14.81
Leeds,Manchester Red,away,851,0.465,2.116,2.582,41.25,2.59
Leeds,Manchester Red,home,868,0.456,1.584,2.04,53.11,7.72
Leeds,Newcastle,away,849,0.991,1.303,2.293,58.3,29.56
Leeds,Newcastle,home,847,1.17,1.105,2.275,52.54,37.19
Leeds,Tottenham,away,859,0.476,1.676,2.153,35.97,8.03
Leeds,Tottenham,home,877,0.714,1.22,1.934,56.33,26.23
Leeds,West Ham,away,860,1.002,1.415,2.417,45.93,28.02
Leeds,West Ham,home,831,0.941,1.156,2.097,48.01,27.08
Leeds,Wolverhampton,away,846,0.913,1.465,2.377,55.91,21.63
Leeds,Wolverhampton,home,864,1.164,1.241,2.405,53.94,40.62
Liverpool,Aston Villa,away,839,1.242,1.13,2.372,61.98,41.24
Liverpool,Aston Villa,home,813,1.685,0.9,2.585,46.74,53.63
Liverpool,Bournemouth,away,838,1.969,0.776,2.745,42.24,63.72
Liverpool,Bournemouth,home,884,2.146,0.665,2.811,37.44,70.14
Liverpool,Brighton,away,830,1.541,1.022,2.563,47.35,42.89
Liverpool,Brighton,home,834,2.101,0.592,2.693,51.8,73.98
Liverpool,Chelsea,away,851,1.298,1.442,2.74,51.23,38.43
Liverpool,Chelsea,home,837,1.504,1.24,2.744,52.45,44.32
Liverpool,Crystal Palace,away,863,1.921,0.709,2.63,43.11,71.26
Liverpool,Crystal Palace,home,866,2.542,0.49,3.031,43.3,77.83
Liverpool,Everton,away,845,1.331,0.73,2.062,51.6,48.05
Liverpool,Everton,home,874,1.681,0.59,2.271,51.6,60.07
Liverpool,Fulham,away,849,1.571,0.623,2.194,49.59,61.25
Liverpool,Fulham,home,848,1.896,0.524,2.42,37.5,71.46
Liverpool,Leeds,away,865,1.295,0.765,2.06,48.79,51.91
Liverpool,Leeds,home,830,1.918,0.429,2.347,42.41,64.94
Liverpool,London Guns,away,824,1.602,1.439,3.041,54.37,46.12
Liverpool,London Guns,home,847,1.771,1.165,2.936,53.25,53.36
Liverpool,Manchester Blue,away,857,1.3,1.593,2.893,53.56,37.92
Liverpool,Manchester Blue,home,849,1.813,1.23,3.042,48.88,48.53
Liverpool,Manchester Red,away,872,1.167,1.685,2.852,47.82,25.69
Liverpool,Manchester Red,home,817,1.551,1.037,2.588,45.04,52.14
Liverpool,Newcastle,away,813,1.598,0.843,2.44,43.79,53.75
Liverpool,Newcastle,home,873,2.479,0.589,3.068,53.84,82.93
Liverpool,Tottenham,away,851,1.216,1.562,2.778,47.24,26.44
Liverpool,Tottenham,home,847,1.893,1.047,2.94,51.48,59.15
Liverpool,West Ham,away,856,1.569,0.935,2.504,56.89,51.17
Liverpool,West Ham,home,826,1.907,0.817,2.724,50.85,64.04
Liverpool,Wolverhampton,away,838,1.703,1.056,2.759,53.7,56.32
Liverpool,Wolverhampton,home,849,2.247,0.731,2.979,44.41,76.09
London Guns,Aston Villa,away,864,0.858,1.214,2.072,48.84,27.66
London Guns,Aston Villa,home,897,1.353,1.078,2.431,49.61,44.15
London Guns,Bournemouth,away,872,1.585,0.894,2.479,47.25,49.77
London Guns,Bournemouth,home,835,2.212,0.692,2.904,54.49,76.77
London Guns,Brighton,away,856,1.279,1.053,2.332,60.28,41.0
London Guns,Brighton,home,845,1.925,0.869,2.794,39.64,60.71
London Guns,Chelsea,away,880,1.168,1.631,2.799,61.93,28.52
London Guns,Chelsea,home,836,1.855,1.437,3.292,45.22,45.81
London Guns,Crystal Palace,away,804,1.934,1.082,3.016,50.12,54.6
London Guns,Crystal Palace,home,848,2.226,0.834,3.06,51.77,68.87
London Guns,Everton,away,805,1.161,1.04,2.201,39.25,36.02
London Guns,Everton,home,857,1.579,0.943,2.522,46.32,49.82
London Guns,Fulham,away,829,1.532,0.764,2.296,60.19,59.47
London Guns,Fulham,home,873,2.097,0.735,2.833,58.08,70.33
London Guns,Leeds,away,840,1.252,0.787,2.039,48.21,48.33
London Guns,Leeds,home,832,1.832,0.767,2.599,53.85,65.26
London Guns,Liverpool,away,847,1.165,1.771,2.936,53.25,25.03
London Guns,Liverpool,home,824,1.439,1.602,3.041,54.37,32.77
London Guns,Manchester Blue,away,853,1.199,2.141,3.34,47.95,18.17
London Guns,Manchester Blue,home,837,1.691,1.544,3.234,50.78,39.55
London Guns,Manchester Red,away,853,1.263,1.652,2.914,55.8,26.38
London Guns,Manchester Red,home,854,1.516,1.46,2.977,51.99,42.04
London Guns,Newcastle,away,849,1.607,1.126,2.733,45.94,49.94
London Guns,Newcastle,home,884,2.236,0.766,3.002,53.39,75.11
London Guns,Tottenham,away,853,1.011,1.746,2.756,35.99,18.99
London Guns,Tottenham,home,819,1.625,1.148,2.773,50.67,51.89
London Guns,West Ham,away,844,1.726,1.255,2.981,39.81,46.09
London Guns,West Ham,home,836,1.732,1.182,2.914,49.76,51.91
London Guns,Wolverhampton,away,853,1.53,1.275,2.805,46.54,45.25
London Guns,Wolverhampton,home,804,2.108,1.155,3.264,45.02,60.95
Manchester Blue,Aston Villa,away,840,1.383,1.211,2.594,45.12,45.6
Manchester Blue,Aston Villa,home,860,1.802,1.098,2.9,52.79,55.93
Manchester Blue,Bournemouth,away,839,2.097,0.794,2.89,46.36,65.08
Manchester Blue,Bournemouth,home,817,2.348,0.659,3.006,45.78,72.34
Manchester Blue,Brighton,away,818,1.656,1.075,2.731,43.77,52.81
Manchester Blue,Brighton,home,898,2.296,0.801,3.097,48.66,68.49
Manchester Blue,Chelsea,away,816,1.558,1.521,3.078,52.21,39.34
Manchester Blue,Chelsea,home,843,1.868,1.248,3.116,56.11,49.11
Manchester Blue,Crystal Palace,away,859,2.05,0.95,3.0,49.01,66.24
Manchester Blue,Crystal Palace,home,854,2.434,0.845,3.28,62.65,76.81
Manchester Blue,Everton,away,850,1.494,0.909,2.404,41.06,45.41
Manchester Blue,Everton,home,810,1.99,0.688,2.678,49.75,71.6
Manchester Blue,Fulham,away,845,1.376,0.731,2.108,45.8,55.5
Manchester Blue,Fulham,home,824,2.258,0.448,2.706,48.3,82.4
Manchester Blue,Leeds,away,871,1.54,0.59,2.13,50.86,58.78
Manchester Blue,Leeds,home,851,2.165,0.659,2.824,44.07,71.45
Manchester Blue,Liverpool,away,849,1.23,1.813,3.042,48.88,27.33
Manchester Blue,Liverpool,home,857,1.593,1.3,2.893,53.56,48.54
Manchester Blue,London Guns,away,837,1.544,1.691,3.234,50.78,39.78
Manchester Blue,London Guns,home,853,2.141,1.199,3.34,47.95,60.14
Manchester Blue,Manchester Red,away,879,1.177,1.33,2.507,50.06,35.15
Manchester Blue,Manchester Red,home,830,1.519,1.336,2.855,56.39,38.55
Manchester Blue,Newcastle,away,858,1.981,0.901,2.882,55.13,63.75
Manchester Blue,Newcastle,home,861,2.554,0.71,3.264,42.04,74.56
Manchester Blue,Tottenham,away,853,1.525,1.358,2.883,47.95,39.39
Manchester Blue,Tottenham,home,836,2.114,1.427,3.541,44.26,53.47
Manchester Blue,West Ham,away,830,1.619,1.316,2.935,41.93,44.7
Manchester Blue,West Ham,home,853,2.589,1.108,3.696,45.13,67.17
Manchester Blue,Wolverhampton,away,832,2.19,1.014,3.204,40.38,65.62
Manchester Blue,Wolverhampton,home,858,2.566,0.98,3.547,43.71,75.64
Manchester Red,Aston Villa,away,824,1.045,0.921,1.966,48.79,42.35
Manchester Red,Aston Villa,home,846,1.494,0.862,2.356,63.71,55.2
Manchester Red,Bournemouth,away,870,1.736,0.769,2.505,57.36,59.54
Manchester Red,Bournemouth,home,868,2.094,0.691,2.786,43.55,69.01
Manchester Red,Brighton,away,874,1.415,0.986,2.402,43.14,46.22
Manchester Red,Brighton,home,855,2.09,0.703,2.793,43.04,70.41
Manchester Red,Chelsea,away,840,1.364,1.544,2.908,65.6,39.52
Manchester Red,Chelsea,home,861,1.533,1.214,2.747,62.14,48.78
Manchester Red,Crystal Palace,away,860,1.729,0.965,2.694,58.02,56.51
Manchester Red,Crystal Palace,home,784,2.376,0.612,2.989,62.37,82.14
Manchester Red,Everton,away,823,1.315,0.985,2.3,59.17,41.92
Manchester Red,Everton,home,831,1.765,0.757,2.522,38.99,62.21
Manchester Red,Fulham,away,845,1.54,0.672,2.212,57.63,60.24
Manchester Red,Fulham,home,850,1.832,0.594,2.426,54.59,66.82
Manchester Red,Leeds,away,868,1.584,0.456,2.04,53.11,67.97
Manchester Red,Leeds,home,851,2.116,0.465,2.582,41.25,73.33
Manchester Red,Liverpool,away,817,1.037,1.551,2.588,45.04,25.95
Manchester Red,Liverpool,home,872,1.685,1.167,2.852,47.82,49.43
Manchester Red,London Guns,away,854,1.46,1.516,2.977,51.99,37.24
Manchester Red,London Guns,home,853,1.652,1.263,2.914,55.8,51.82
Manchester Red,Manchester Blue,away,830,1.336,1.519,2.855,56.39,40.24
Manchester Red,Manchester Blue,home,879,1.33,1.177,2.507,50.06,42.66
Manchester Red,Newcastle,away,823,1.883,0.864,2.747,45.81,60.27
Manchester Red,Newcastle,home,831,1.929,0.841,2.77,46.21,65.94
Manchester Red,Tottenham,away,830,1.143,1.31,2.453,53.98,35.06
Manchester Red,Tottenham,home,832,1.653,1.263,2.916,46.15,47.84
Manchester Red,West Ham,away,854,1.529,1.018,2.547,58.9,48.36
Manchester Red,West Ham,home,859,1.971,0.885,2.856,47.38,67.87
Manchester Red,Wolverhampton,away,838,1.838,1.016,2.853,55.01,56.8
Manchester Red,Wolverhampton,home,855,2.287,0.978,3.264,41.29,64.33
Newcastle,Aston Villa,away,850,0.504,1.829,2.333,35.41,7.88
Newcastle,Aston Villa,home,846,0.862,1.616,2.478,52.01,20.8
Newcastle,Bournemouth,away,836,1.175,1.154,2.329,40.55,36.84
Newcastle,Bournemouth,home,848,1.311,0.899,2.21,54.01,43.99
Newcastle,Brighton,away,812,0.901,1.339,2.24,50.86,25.86
Newcastle,Brighton,home,850,1.201,0.862,2.064,40.24,45.06
Newcastle,Chelsea,away,862,0.788,2.342,3.13,45.48,11.48
Newcastle,Chelsea,home,818,1.119,2.06,3.178,47.43,19.68
Newcastle,Crystal Palace,away,840,1.131,1.439,2.57,44.4,29.76
Newcastle,Crystal Palace,home,839,1.347,1.079,2.426,46.13,43.27
Newcastle,Everton,away,819,0.648,1.549,2.198,51.77,16.36
Newcastle,Everton,home,858,0.896,0.939,1.836,39.51,31.47
Newcastle,Fulham,away,850,0.939,1.128,2.067,54.24,32.47
Newcastle,Fulham,home,855,1.184,0.92,2.104,41.05,45.03
Newcastle,Leeds,away,847,1.105,1.17,2.275,52.54,34.36
Newcastle,Leeds,home,849,1.303,0.991,2.293,58.3,44.64
Newcastle,Liverpool,away,873,0.589,2.479,3.068,53.84,4.93
Newcastle,Liverpool,home,813,0.843,1.598,2.44,43.79,15.38
Newcastle,London Guns,away,884,0.766,2.236,3.002,53.39,12.78
Newcastle,London Guns,home,849,1.126,1.607,2.733,45.94,28.15
Newcastle,Manchester Blue,away,861,0.71,2.554,3.264,42.04,8.36
Newcastle,Manchester Blue,home,858,0.901,1.981,2.882,55.13,21.91
Newcastle,Manchester Red,away,831,0.841,1.929,2.77,46.21,16.25
Newcastle,Manchester Red,home,823,0.864,1.883,2.747,45.81,18.23
Newcastle,Tottenham,away,846,0.719,1.714,2.433,45.15,12.41
Newcastle,Tottenham,home,858,1.052,1.631,2.683,41.26,23.78
Newcastle,West Ham,away,847,0.785,2.031,2.816,58.44,14.99
Newcastle,West Ham,home,832,1.541,1.421,2.962,50.72,39.06
Newcastle,Wolverhampton,away,853,1.216,1.76,2.975,47.36,26.49
Newcastle,Wolverhampton,home,863,1.556,1.51,3.066,55.62,37.66
Tottenham,Aston Villa,away,870,1.003,1.338,2.341,41.49,25.06
Tottenham,Aston Villa,home,859,1.234,1.003,2.237,51.92,41.09
Tottenham,Bournemouth,away,803,1.417,0.814,2.232,45.58,52.8
Tottenham,Bournemouth,home,834,2.112,0.644,2.755,47.72,69.42
Tottenham,Brighton,away,838,1.167,1.044,2.211,45.7,35.56
Tottenham,Brighton,home,817,1.834,0.821,2.655,51.04,59.85
Tottenham,Chelsea,away,866,1.135,1.651,2.786,59.93,24.13
Tottenham,Chelsea,home,816,1.585,1.217,2.801,46.81,46.69
Tottenham,Crystal Palace,away,828,1.786,0.915,2.702,42.63,61.59
Tottenham,Crystal Palace,home,843,2.348,0.649,2.996,47.69,77.82
Tottenham,Everton,away,864,1.088,1.192,2.28,43.98,34.03
Tottenham,Everton,home,809,1.659,0.92,2.578,49.44,51.55
Tottenham,Fulham,away,878,1.654,0.708,2.362,52.16,61.28
Tottenham,Fulham,home,839,1.775,0.582,2.356,54.47,68.77
Tottenham,Leeds,away,877,1.22,0.714,1.934,56.33,50.97
Tottenham,Leeds,home,859,1.676,0.476,2.153,35.97,60.54
Tottenham,Liverpool,away,847,1.047,1.893,2.94,51.48,26.68
Tottenham,Liverpool,home,851,1.562,1.216,2.778,47.24,45.01
Tottenham,London Guns,away,819,1.148,1.625,2.773,50.67,24.05
Tottenham,London Guns,home,853,1.746,1.011,2.756,35.99,53.46
Tottenham,Manchester Blue,away,836,1.427,2.114,3.541,44.26,21.17
Tottenham,Manchester Blue,home,853,1.358,1.525,2.883,47.95,34.94
Tottenham,Manchester Red,away,832,1.263,1.653,2.916,46.15,25.12
Tottenham,Manchester Red,home,830,1.31,1.143,2.453,53.98,43.61
Tottenham,Newcastle,away,858,1.631,1.052,2.683,41.26,55.01
Tottenham,Newcastle,home,846,1.714,0.719,2.433,45.15,65.84
Tottenham,West Ham,away,837,1.455,1.099,2.554,58.06,48.27
Tottenham,West Ham,home,873,2.011,0.882,2.893,50.63,68.04
Tottenham,Wolverhampton,away,868,1.56,1.426,2.986,47.47,44.35
Tottenham,Wolverhampton,home,870,2.095,0.892,2.987,50.23,63.79
West Ham,Aston Villa,away,838,1.074,1.615,2.689,47.85,26.13
West Ham,Aston Villa,home,833,0.99,1.193,2.184,51.5,30.97
West Ham,Bournemouth,away,842,1.437,1.089,2.526,52.38,43.23
West Ham,Bournemouth,home,836,1.81,0.87,2.679,37.56,57.54
West Ham,Brighton,away,831,1.233,1.48,2.714,44.4,27.56
West Ham,Brighton,home,849,1.373,0.98,2.353,41.7,47.94
West Ham,Chelsea,away,834,1.12,2.054,3.174,41.37,20.74
West Ham,Chelsea,home,834,1.171,1.749,2.921,42.69,27.1
West Ham,Crystal Palace,away,837,1.319,1.352,2.671,57.59,34.53
West Ham,Crystal Palace,home,843,1.662,1.135,2.797,42.7,43.77
West Ham,Everton,away,897,1.05,1.254,2.304,55.85,33.33
West Ham,Everton,home,836,1.222,1.138,2.36,49.4,38.16
West Ham,Fulham,away,831,1.38,1.099,2.479,64.02,45.97
West Ham,Fulham,home,876,1.455,0.947,2.403,55.59,52.97
West Ham,Leeds,away,831,1.156,0.941,2.097,48.01,42.36
West Ham,Leeds,home,860,1.415,1.002,2.417,45.93,42.56
West Ham,Liverpool,away,826,0.817,1.907,2.724,50.85,16.59
West Ham,Liverpool,home,856,0.935,1.569,2.504,56.89,26.99
West Ham,London Guns,away,836,1.182,1.732,2.914,49.76,22.85
West Ham,London Guns,home,844,1.255,1.726,2.981,39.81,27.96
West Ham,Manchester Blue,away,853,1.108,2.589,3.696,45.13,15.94
West Ham,Manchester Blue,home,830,1.316,1.619,2.935,41.93,28.31
West Ham,Manchester Red,away,859,0.885,1.971,2.856,47.38,14.9
West Ham,Manchester Red,home,854,1.018,1.529,2.547,58.9,25.76
West Ham,Newcastle,away,832,1.421,1.541,2.962,50.72,33.65
West Ham,Newcastle,home,847,2.031,0.785,2.816,58.44,64.34
West Ham,Tottenham,away,873,0.882,2.011,2.893,50.63,10.65
West Ham,Tottenham,home,837,1.099,1.455,2.554,58.06,30.7
West Ham,Wolverhampton,away,876,1.539,1.916,3.454,52.05,35.16
West Ham,Wolverhampton,home,842,1.652,1.236,2.888,51.78,48.46
Wolverhampton,Aston Villa,away,815,0.969,1.788,2.757,42.82,14.85
Wolverhampton,Aston Villa,home,888,1.208,1.62,2.829,43.47,28.04
Wolverhampton,Bournemouth,away,853,1.484,1.508,2.992,44.55,35.76
Wolverhampton,Bournemouth,home,825,1.899,1.171,3.07,46.42,54.91
Wolverhampton,Brighton,away,800,1.368,1.568,2.935,61.75,40.62
Wolverhampton,Brighton,home,848,1.533,1.229,2.762,44.58,45.64
Wolverhampton,Chelsea,away,839,0.995,2.173,3.168,43.15,18.12
Wolverhampton,Chelsea,home,847,1.024,2.043,3.066,51.36,16.06
Wolverhampton,Crystal Palace,away,843,1.269,1.544,2.814,36.3,28.71
Wolverhampton,Crystal Palace,home,854,1.971,1.043,3.014,52.69,63.47
Wolverhampton,Everton,away,868,1.016,1.518,2.535,58.06,26.84
Wolverhampton,Everton,home,833,1.256,0.972,2.228,50.18,47.18
Wolverhampton,Fulham,away,866,1.167,1.234,2.402,57.51,37.76
Wolverhampton,Fulham,home,798,1.674,0.965,2.639,44.86,54.01
Wolverhampton,Leeds,away,864,1.241,1.164,2.405,53.94,36.11
Wolverhampton,Leeds,home,846,1.465,0.913,2.377,55.91,52.72
Wolverhampton,Liverpool,away,849,0.731,2.247,2.979,44.41,13.07
Wolverhampton,Liverpool,home,838,1.056,1.703,2.759,53.7,18.97
Wolverhampton,London Guns,away,804,1.155,2.108,3.264,45.02,20.15
Wolverhampton,London Guns,home,853,1.275,1.53,2.805,46.54,34.11
Wolverhampton,Manchester Blue,away,858,0.98,2.566,3.547,43.71,6.76
Wolverhampton,Manchester Blue,home,832,1.014,2.19,3.204,40.38,16.71
Wolverhampton,Manchester Red,away,855,0.978,2.287,3.264,41.29,16.61
Wolverhampton,Manchester Red,home,838,1.016,1.838,2.853,55.01,23.75
Wolverhampton,Newcastle,away,863,1.51,1.556,3.066,55.62,36.96
Wolverhampton,Newcastle,home,853,1.76,1.216,2.975,47.36,50.06
Wolverhampton,Tottenham,away,870,0.892,2.095,2.987,50.23,14.37
Wolverhampton,Tottenham,home,868,1.426,1.56,2.986,47.47,36.41
Wolverhampton,West Ham,away,842,1.236,1.652,2.888,51.78,27.91
Wolverhampton,West Ham,home,876,1.916,1.539,3.454,52.05,46.69
