phase,home_tier,away_tier,matches,home_win_rate,draw_rate,away_win_rate,home_dc_rate,away_dc_rate,any_win_rate
P1,T1,T1,214,0.4346,0.3224,0.243,0.757,0.5654,0.6776
P1,T1,T2,548,0.7646,0.1715,0.0639,0.9361,0.2354,0.8285
P1,T1,T3,743,0.8466,0.1198,0.0336,0.9664,0.1534,0.8802
P1,T1,T4,1293,0.935,0.0572,0.0077,0.9923,0.065,0.9428
P1,T2,T1,419,0.1504,0.2291,0.6205,0.3795,0.8496,0.7709
P1,T2,T2,544,0.3346,0.4779,0.1875,0.8125,0.6654,0.5221
P1,T2,T3,895,0.6335,0.2927,0.0737,0.9263,0.3665,0.7073
P1,T2,T4,768,0.8021,0.1667,0.0312,0.9688,0.1979,0.8333
P1,T3,T1,650,0.06,0.2123,0.7277,0.2723,0.94,0.7877
P1,T3,T2,766,0.2089,0.2624,0.5287,0.4713,0.7911,0.7376
P1,T3,T3,561,0.246,0.5775,0.1765,0.8235,0.754,0.4225
P1,T3,T4,515,0.6932,0.2602,0.0466,0.9534,0.3068,0.7398
P1,T4,T1,1055,0.0095,0.1213,0.8692,0.1308,0.9905,0.8787
P1,T4,T2,652,0.0475,0.2147,0.7377,0.2623,0.9525,0.7853
P1,T4,T3,445,0.0966,0.3865,0.5169,0.4831,0.9034,0.6135
P1,T4,T4,203,0.2956,0.5074,0.197,0.803,0.7044,0.4926
P2,T1,T1,427,0.4496,0.2389,0.3115,0.6885,0.5504,0.7611
P2,T1,T2,697,0.6456,0.2037,0.1506,0.8494,0.3544,0.7963
P2,T1,T3,731,0.7223,0.1929,0.0848,0.9152,0.2777,0.8071
P2,T1,T4,766,0.8577,0.1188,0.0235,0.9765,0.1423,0.8812
P2,T2,T1,622,0.254,0.2669,0.4791,0.5209,0.746,0.7331
P2,T2,T2,521,0.4223,0.2802,0.2975,0.7025,0.5777,0.7198
P2,T2,T3,656,0.6052,0.2607,0.1341,0.8659,0.3948,0.7393
P2,T2,T4,771,0.7704,0.1764,0.0532,0.9468,0.2296,0.8236
P2,T3,T1,685,0.1328,0.2715,0.5956,0.4044,0.8672,0.7285
P2,T3,T2,660,0.2955,0.2924,0.4121,0.5879,0.7045,0.7076
P2,T3,T3,538,0.4033,0.3271,0.2695,0.7305,0.5967,0.6729
P2,T3,T4,699,0.5994,0.289,0.1116,0.8884,0.4006,0.711
P2,T4,T1,775,0.0774,0.1806,0.7419,0.2581,0.9226,0.8194
P2,T4,T2,680,0.1279,0.2926,0.5794,0.4206,0.8721,0.7074
P2,T4,T3,620,0.2306,0.3258,0.4435,0.5565,0.7694,0.6742
P2,T4,T4,408,0.3775,0.3578,0.2647,0.7353,0.6225,0.6422
P3,T1,T1,472,0.4555,0.2246,0.3199,0.6801,0.5445,0.7754
P3,T1,T2,681,0.6241,0.2217,0.1542,0.8458,0.3759,0.7783
P3,T1,T3,733,0.719,0.1869,0.0941,0.9059,0.281,0.8131
P3,T1,T4,735,0.834,0.1306,0.0354,0.9646,0.166,0.8694
P3,T2,T1,662,0.2825,0.2523,0.4653,0.5347,0.7175,0.7477
P3,T2,T2,517,0.4545,0.2398,0.3056,0.6944,0.5455,0.7602
P3,T2,T3,680,0.5603,0.2647,0.175,0.825,0.4397,0.7353
P3,T2,T4,708,0.7218,0.1836,0.0946,0.9054,0.2782,0.8164
P3,T3,T1,686,0.1895,0.242,0.5685,0.4315,0.8105,0.758
P3,T3,T2,699,0.2876,0.3004,0.412,0.588,0.7124,0.6996
P3,T3,T3,486,0.4177,0.2984,0.284,0.716,0.5823,0.7016
P3,T3,T4,703,0.606,0.2361,0.1579,0.8421,0.394,0.7639
P3,T4,T1,703,0.0725,0.1821,0.7454,0.2546,0.9275,0.8179
P3,T4,T2,673,0.1709,0.26,0.5691,0.4309,0.8291,0.74
P3,T4,T3,668,0.2665,0.3024,0.4311,0.5689,0.7335,0.6976
P3,T4,T4,477,0.3983,0.3354,0.2662,0.7338,0.6017,0.6646
P4,T1,T1,466,0.4871,0.2082,0.3047,0.6953,0.5129,0.7918
P4,T1,T2,700,0.6186,0.2171,0.1643,0.8357,0.3814,0.7829
P4,T1,T3,691,0.7294,0.1925,0.0781,0.9219,0.2706,0.8075
P4,T1,T4,762,0.7861,0.1496,0.0643,0.9357,0.2139,0.8504
P4,T2,T1,629,0.2798,0.2766,0.4436,0.5564,0.7202,0.7234
P4,T2,T2,530,0.4509,0.2792,0.2698,0.7302,0.5491,0.7208
P4,T2,T3,654,0.5856,0.2294,0.185,0.815,0.4144,0.7706
P4,T2,T4,712,0.6812,0.1994,0.1194,0.8806,0.3188,0.8006
P4,T3,T1,692,0.1908,0.2197,0.5896,0.4104,0.8092,0.7803
P4,T3,T2,659,0.3536,0.261,0.3854,0.6146,0.6464,0.739
P4,T3,T3,551,0.4083,0.2976,0.294,0.706,0.5917,0.7024
P4,T3,T4,651,0.5668,0.2842,0.149,0.851,0.4332,0.7158
P4,T4,T1,707,0.1301,0.1909,0.6789,0.3211,0.8699,0.8091
P4,T4,T2,704,0.1903,0.2599,0.5497,0.4503,0.8097,0.7401
P4,T4,T3,662,0.2689,0.3082,0.423,0.577,0.7311,0.6918
P4,T4,T4,459,0.4227,0.3442,0.2331,0.7669,0.5773,0.6558
P5,T1,T1,498,0.494,0.2189,0.2871,0.7129,0.506,0.7811
P5,T1,T2,682,0.6012,0.2478,0.151,0.849,0.3988,0.7522
P5,T1,T3,657,0.6941,0.2055,0.1005,0.8995,0.3059,0.7945
P5,T1,T4,747,0.7885,0.1606,0.0509,0.9491,0.2115,0.8394
P5,T2,T1,662,0.3218,0.2538,0.4245,0.5755,0.6782,0.7462
P5,T2,T2,500,0.424,0.266,0.31,0.69,0.576,0.734
P5,T2,T3,720,0.5764,0.2458,0.1778,0.8222,0.4236,0.7542
P5,T2,T4,670,0.6776,0.2149,0.1075,0.8925,0.3224,0.7851
P5,T3,T1,669,0.2167,0.2481,0.5351,0.4649,0.7833,0.7519
P5,T3,T2,686,0.3192,0.2595,0.4213,0.5787,0.6808,0.7405
P5,T3,T3,512,0.4395,0.2891,0.2715,0.7285,0.5605,0.7109
P5,T3,T4,682,0.5293,0.283,0.1877,0.8123,0.4707,0.717
P5,T4,T1,681,0.1204,0.2217,0.6579,0.3421,0.8796,0.7783
P5,T4,T2,678,0.2271,0.2478,0.5251,0.4749,0.7729,0.7522
P5,T4,T3,656,0.2896,0.2805,0.4299,0.5701,0.7104,0.7195
P5,T4,T4,486,0.4033,0.3292,0.2675,0.7325,0.5967,0.6708
P6,T1,T1,482,0.4834,0.2448,0.2718,0.7282,0.5166,0.7552
P6,T1,T2,666,0.5796,0.2207,0.1997,0.8003,0.4204,0.7793
P6,T1,T3,664,0.7018,0.1792,0.119,0.881,0.2982,0.8208
P6,T1,T4,702,0.7593,0.1795,0.0613,0.9387,0.2407,0.8205
P6,T2,T1,651,0.3134,0.2565,0.4301,0.5699,0.6866,0.7435
P6,T2,T2,493,0.4462,0.284,0.2698,0.7302,0.5538,0.716
P6,T2,T3,687,0.5822,0.2242,0.1936,0.8064,0.4178,0.7758
P6,T2,T4,690,0.6565,0.1986,0.1449,0.8551,0.3435,0.8014
P6,T3,T1,671,0.2057,0.2638,0.5306,0.4694,0.7943,0.7362
P6,T3,T2,625,0.3072,0.2608,0.432,0.568,0.6928,0.7392
P6,T3,T3,509,0.4145,0.334,0.2515,0.7485,0.5855,0.666
P6,T3,T4,657,0.5799,0.2253,0.1948,0.8052,0.4201,0.7747
P6,T4,T1,657,0.1233,0.2329,0.6438,0.3562,0.8767,0.7671
P6,T4,T2,665,0.2015,0.2632,0.5353,0.4647,0.7985,0.7368
P6,T4,T3,649,0.3205,0.265,0.4145,0.5855,0.6795,0.735
P6,T4,T4,476,0.416,0.3172,0.2668,0.7332,0.584,0.6828
