Phase,Matchup,Matches,W_Count,D_Count,L_Count,Home_Win%,Draw%,Away_Win%,Home_ROI%,Draw_ROI%,Away_ROI%
P1,T1 v T1,214,93,69,52,43.5,32.2,24.3,8.64,3.18,-31.96
P1,T1 v T2,548,419,94,35,76.5,17.2,6.4,91.15,-45.11,-82.12
P1,T1 v T3,743,629,89,25,84.7,12.0,3.4,111.64,-61.67,-90.58
P1,T1 v T4,1293,1209,74,10,93.5,5.7,0.8,133.76,-81.69,-97.83
P1,T2 v T1,419,63,96,260,15.0,22.9,62.1,-62.41,-26.68,73.75
P1,T2 v T2,544,182,260,102,33.5,47.8,18.8,-16.36,52.94,-47.5
P1,T2 v T3,895,567,262,66,63.4,29.3,7.4,58.38,-6.32,-79.35
P1,T2 v T4,768,616,128,24,80.2,16.7,3.1,100.52,-46.67,-91.25
P1,T3 v T1,650,39,138,473,6.0,21.2,72.8,-85.0,-32.06,103.75
P1,T3 v T2,766,160,201,405,20.9,26.2,52.9,-47.78,-16.03,48.04
P1,T3 v T3,561,138,324,99,24.6,57.8,17.6,-38.5,84.81,-50.59
P1,T3 v T4,515,357,134,24,69.3,26.0,4.7,73.3,-16.74,-86.95
P1,T4 v T1,1055,10,128,917,0.9,12.1,86.9,-97.63,-61.18,143.37
P1,T4 v T2,652,31,140,481,4.8,21.5,73.8,-88.11,-31.29,106.56
P1,T4 v T3,445,43,172,230,9.7,38.7,51.7,-75.84,23.69,44.72
P1,T4 v T4,203,60,103,40,29.6,50.7,19.7,-26.11,62.36,-44.83
P2,T1 v T1,427,192,102,133,45.0,23.9,31.1,12.41,-23.56,-12.79
P2,T1 v T2,697,450,142,105,64.6,20.4,15.1,61.41,-34.81,-57.82
P2,T1 v T3,731,528,141,62,72.2,19.3,8.5,80.57,-38.28,-76.25
P2,T1 v T4,766,657,91,18,85.8,11.9,2.3,114.43,-61.98,-93.42
P2,T2 v T1,622,158,166,298,25.4,26.7,47.9,-36.5,-14.6,34.15
P2,T2 v T2,521,220,146,155,42.2,28.0,29.8,5.57,-10.33,-16.7
P2,T2 v T3,656,397,171,88,60.5,26.1,13.4,51.3,-16.59,-62.44
P2,T2 v T4,771,594,136,41,77.0,17.6,5.3,92.61,-43.55,-85.11
P2,T3 v T1,685,91,186,408,13.3,27.2,59.6,-66.79,-13.11,66.77
P2,T3 v T2,660,195,193,272,29.5,29.2,41.2,-26.14,-6.42,15.39
P2,T3 v T3,538,217,176,145,40.3,32.7,27.0,0.84,4.68,-24.54
P2,T3 v T4,699,419,202,78,59.9,28.9,11.2,49.86,-7.53,-68.76
P2,T4 v T1,775,60,140,575,7.7,18.1,74.2,-80.65,-42.19,107.74
P2,T4 v T2,680,87,199,394,12.8,29.3,57.9,-68.01,-6.35,62.24
P2,T4 v T3,620,143,202,275,23.1,32.6,44.4,-42.34,4.26,24.19
P2,T4 v T4,408,154,146,108,37.7,35.8,26.5,-5.64,14.51,-25.88
P3,T1 v T1,472,215,106,151,45.6,22.5,32.0,13.88,-28.14,-10.42
P3,T1 v T2,681,425,151,105,62.4,22.2,15.4,56.02,-29.05,-56.83
P3,T1 v T3,733,527,137,69,71.9,18.7,9.4,79.74,-40.19,-73.64
P3,T1 v T4,735,613,96,26,83.4,13.1,3.5,108.5,-58.2,-90.1
P3,T2 v T1,662,187,167,308,28.2,25.2,46.5,-29.38,-19.27,30.27
P3,T2 v T2,517,235,124,158,45.5,24.0,30.6,13.64,-23.25,-14.43
P3,T2 v T3,680,381,180,119,56.0,26.5,17.5,40.07,-15.29,-51.0
P3,T2 v T4,708,511,130,67,72.2,18.4,9.5,80.44,-41.24,-73.5
P3,T3 v T1,686,130,166,390,19.0,24.2,56.9,-52.62,-22.57,59.18
P3,T3 v T2,699,201,210,288,28.8,30.0,41.2,-28.11,-3.86,15.36
P3,T3 v T3,486,203,145,138,41.8,29.8,28.4,4.42,-4.53,-20.49
P3,T3 v T4,703,426,166,111,60.6,23.6,15.8,51.49,-24.44,-55.79
P3,T4 v T1,703,51,128,524,7.3,18.2,74.5,-81.86,-41.74,108.71
P3,T4 v T2,673,115,175,383,17.1,26.0,56.9,-57.28,-16.79,59.35
P3,T4 v T3,668,178,202,288,26.6,30.2,43.1,-33.38,-3.23,20.72
P3,T4 v T4,477,190,160,127,39.8,33.5,26.6,-0.42,7.34,-25.45
P4,T1 v T1,466,227,97,142,48.7,20.8,30.5,21.78,-33.39,-14.68
P4,T1 v T2,700,433,152,115,61.9,21.7,16.4,54.64,-30.51,-54.0
P4,T1 v T3,691,504,133,54,72.9,19.2,7.8,82.34,-38.41,-78.12
P4,T1 v T4,762,599,114,49,78.6,15.0,6.4,96.52,-52.13,-81.99
P4,T2 v T1,629,176,174,279,28.0,27.7,44.4,-30.05,-11.48,24.2
P4,T2 v T2,530,239,148,143,45.1,27.9,27.0,12.74,-10.64,-24.45
P4,T2 v T3,654,383,150,121,58.6,22.9,18.5,46.41,-26.61,-48.2
P4,T2 v T4,712,485,142,85,68.1,19.9,11.9,70.29,-36.18,-66.57
P4,T3 v T1,692,132,152,408,19.1,22.0,59.0,-52.31,-29.71,65.09
P4,T3 v T2,659,233,172,254,35.4,26.1,38.5,-11.61,-16.48,7.92
P4,T3 v T3,551,225,164,162,40.8,29.8,29.4,2.09,-4.75,-17.68
P4,T3 v T4,651,369,185,97,56.7,28.4,14.9,41.71,-9.06,-58.28
P4,T4 v T1,707,92,135,480,13.0,19.1,67.9,-67.47,-38.9,90.1
P4,T4 v T2,704,134,183,387,19.0,26.0,55.0,-52.41,-16.82,53.92
P4,T4 v T3,662,178,204,280,26.9,30.8,42.3,-32.78,-1.39,18.43
P4,T4 v T4,459,194,158,107,42.3,34.4,23.3,5.66,10.15,-34.73
P5,T1 v T1,498,246,109,143,49.4,21.9,28.7,23.49,-29.96,-19.6
P5,T1 v T2,682,410,169,103,60.1,24.8,15.1,50.29,-20.7,-57.71
P5,T1 v T3,657,456,135,66,69.4,20.5,10.0,73.52,-34.25,-71.87
P5,T1 v T4,747,589,120,38,78.8,16.1,5.1,97.12,-48.59,-85.76
P5,T2 v T1,662,213,168,281,32.2,25.4,42.4,-19.56,-18.79,18.85
P5,T2 v T2,500,212,133,155,42.4,26.6,31.0,6.0,-14.88,-13.2
P5,T2 v T3,720,415,177,128,57.6,24.6,17.8,44.1,-21.33,-50.22
P5,T2 v T4,670,454,144,72,67.8,21.5,10.7,69.4,-31.22,-69.91
P5,T3 v T1,669,145,166,358,21.7,24.8,53.5,-45.81,-20.6,49.84
P5,T3 v T2,686,219,178,289,31.9,25.9,42.1,-20.19,-16.97,17.96
P5,T3 v T3,512,225,148,139,43.9,28.9,27.1,9.86,-7.5,-23.98
P5,T3 v T4,682,361,193,128,52.9,28.3,18.8,32.33,-9.44,-47.45
P5,T4 v T1,681,82,151,448,12.0,22.2,65.8,-69.9,-29.05,84.2
P5,T4 v T2,678,154,168,356,22.7,24.8,52.5,-43.22,-20.71,47.02
P5,T4 v T3,656,190,184,282,29.0,28.0,43.0,-27.59,-10.24,20.37
P5,T4 v T4,486,196,160,130,40.3,32.9,26.7,0.82,5.35,-25.1
P6,T1 v T1,482,233,118,131,48.3,24.5,27.2,20.85,-21.66,-23.9
P6,T1 v T2,666,386,147,133,58.0,22.1,20.0,44.89,-29.37,-44.08
P6,T1 v T3,664,466,119,79,70.2,17.9,11.9,75.45,-42.65,-66.69
P6,T1 v T4,702,533,126,43,75.9,17.9,6.1,89.81,-42.56,-82.85
P6,T2 v T1,651,204,167,280,31.3,25.7,43.0,-21.66,-17.91,20.43
P6,T2 v T2,493,220,140,133,44.6,28.4,27.0,11.56,-9.13,-24.46
P6,T2 v T3,687,400,154,133,58.2,22.4,19.4,45.56,-28.27,-45.79
P6,T2 v T4,690,453,137,100,65.7,19.9,14.5,64.13,-36.46,-59.42
P6,T3 v T1,671,138,177,356,20.6,26.4,53.1,-48.58,-15.59,48.55
P6,T3 v T2,625,192,163,270,30.7,26.1,43.2,-23.2,-16.54,20.96
P6,T3 v T3,509,211,170,128,41.5,33.4,25.1,3.63,6.88,-29.59
P6,T3 v T4,657,381,148,128,58.0,22.5,19.5,44.98,-27.91,-45.45
P6,T4 v T1,657,81,153,423,12.3,23.3,64.4,-69.18,-25.48,80.27
P6,T4 v T2,665,134,175,356,20.2,26.3,53.5,-49.62,-15.79,49.89
P6,T4 v T3,649,208,172,269,32.0,26.5,41.4,-19.88,-15.19,16.06
P6,T4 v T4,476,198,151,127,41.6,31.7,26.7,3.99,1.51,-25.29
