source_key,season_name,pg_vfl_seasons_id,source
vf:season:vflm4532,VFLM 4532,244642,postgres
vf:season:vflm4533,VFLM 4533,244295,postgres
vf:season:vflm4534,VFLM 4534,243973,postgres
vf:season:vflm4535,VFLM 4535,243611,postgres
vf:season:vflm4536,VFLM 4536,243369,postgres
vf:season:vflm4537,VFLM 4537,243127,postgres
vf:season:vflm4538,VFLM 4538,242887,postgres
vf:season:vflm4539,VFLM 4539,242565,postgres
vf:season:vflm4540,VFLM 4540,242122,postgres
vf:season:vflm4541,VFLM 4541,241670,postgres
vf:season:vflm4542,VFLM 4542,241155,postgres
vf:season:vflm4543,VFLM 4543,240776,postgres
vf:season:vflm4544,VFLM 4544,240535,postgres
vf:season:vflm4545,VFLM 4545,240294,postgres
vf:season:vflm4546,VFLM 4546,240052,postgres
vf:season:vflm4547,VFLM 4547,239778,postgres
vf:season:vflm4548,VFLM 4548,239488,postgres
vf:season:vflm4549,VFLM 4549,239029,postgres
vf:season:vflm4550,VFLM 4550,238522,postgres
vf:season:vflm4551,VFLM 4551,238233,postgres
vf:season:vflm4552,VFLM 4552,237993,postgres
vf:season:vflm4553,VFLM 4553,237751,postgres
vf:season:vflm4554,VFLM 4554,237510,postgres
vf:season:vflm4555,VFLM 4555,237268,postgres
vf:season:vflm4556,VFLM 4556,236994,postgres
vf:season:vflm4557,VFLM 4557,236600,postgres
vf:season:vflm4558,VFLM 4558,236117,postgres
vf:season:vflm4559,VFLM 4559,235698,postgres
vf:season:vflm4560,VFLM 4560,235448,postgres
vf:season:vflm4561,VFLM 4561,235207,postgres
vf:season:vflm4562,VFLM 4562,234965,postgres
vf:season:vflm4563,VFLM 4563,234724,postgres
vf:season:vflm4564,VFLM 4564,234482,postgres
vf:season:vflm4565,VFLM 4565,234240,postgres
vf:season:vflm4566,VFLM 4566,233838,postgres
vf:season:vflm4567,VFLM 4567,233516,postgres
vf:season:vflm4568,VFLM 4568,233122,postgres
vf:season:vflm4569,VFLM 4569,232672,postgres
vf:season:vflm4570,VFLM 4570,232390,postgres
vf:season:vflm4571,VFLM 4571,232148,postgres
vf:season:vflm4572,VFLM 4572,231899,postgres
vf:season:vflm4573,VFLM 4573,231657,postgres
vf:season:vflm4574,VFLM 4574,231416,postgres
vf:season:vflm4575,VFLM 4575,231174,postgres
vf:season:vflm4576,VFLM 4576,230932,postgres
vf:season:vflm4577,VFLM 4577,230691,postgres
vf:season:vflm4578,VFLM 4578,230449,postgres
vf:season:vflm4579,VFLM 4579,230047,postgres
vf:season:vflm4580,VFLM 4580,229612,postgres
vf:season:vflm4581,VFLM 4581,229290,postgres
vf:season:vflm4582,VFLM 4582,228855,postgres
vf:season:vflm4583,VFLM 4583,228373,postgres
vf:season:vflm4584,VFLM 4584,228132,postgres
vf:season:vflm4585,VFLM 4585,227890,postgres
vf:season:vflm4586,VFLM 4586,227649,postgres
vf:season:vflm4587,VFLM 4587,227407,postgres
vf:season:vflm4588,VFLM 4588,227166,postgres
vf:season:vflm4589,VFLM 4589,226916,postgres
vf:season:vflm4590,VFLM 4590,226675,postgres
vf:season:vflm4591,VFLM 4591,226433,postgres
vf:season:vflm4592,VFLM 4592,226192,postgres
vf:season:vflm4593,VFLM 4593,225934,postgres
vf:season:vflm4594,VFLM 4594,225669,postgres
vf:season:vflm4595,VFLM 4595,225186,postgres
vf:season:vflm4596,VFLM 4596,224703,postgres
vf:season:vflm4597,VFLM 4597,224413,postgres
vf:season:vflm4598,VFLM 4598,224171,postgres
vf:season:vflm4599,VFLM 4599,223930,postgres
vf:season:vflm4600,VFLM 4600,223690,postgres
vf:season:vflm4601,VFLM 4601,223448,postgres
vf:season:vflm4602,VFLM 4602,223159,postgres
vf:season:vflm4603,VFLM 4603,222692,postgres
vf:season:vflm4604,VFLM 4604,222257,postgres
vf:season:vflm4605,VFLM 4605,222015,postgres
vf:season:vflm4606,VFLM 4606,221774,postgres
vf:season:vflm4607,VFLM 4607,221532,postgres
vf:season:vflm4608,VFLM 4608,221291,postgres
vf:season:vflm4609,VFLM 4609,221025,postgres
vf:season:vflm4610,VFLM 4610,220735,postgres
vf:season:vflm4611,VFLM 4611,220276,postgres
vf:season:vflm4612,VFLM 4612,219946,postgres
vf:season:vflm4613,VFLM 4613,219697,postgres
vf:season:vflm4614,VFLM 4614,219456,postgres
vf:season:vflm4615,VFLM 4615,219214,postgres
vf:season:vflm4616,VFLM 4616,218973,postgres
vf:season:vflm4617,VFLM 4617,218708,postgres
vf:season:vflm4618,VFLM 4618,218249,postgres
vf:season:vflm4619,VFLM 4619,217814,postgres
vf:season:vflm4620,VFLM 4620,217355,postgres
vf:season:vflm4621,VFLM 4621,217066,postgres
vf:season:vflm4622,VFLM 4622,216824,postgres
vf:season:vflm4623,VFLM 4623,216583,postgres
vf:season:vflm4624,VFLM 4624,216341,postgres
vf:season:vflm4625,VFLM 4625,216067,postgres
vf:season:vflm4626,VFLM 4626,215689,postgres
vf:season:vflm4627,VFLM 4627,215206,postgres
vf:season:vflm4628,VFLM 4628,214924,postgres
vf:season:vflm4629,VFLM 4629,214683,postgres
vf:season:vflm4630,VFLM 4630,214441,postgres
vf:season:vflm4631,VFLM 4631,214200,postgres
vf:season:vflm4632,VFLM 4632,213839,postgres
vf:season:vflm4633,VFLM 4633,213364,postgres
vf:season:vflm4634,VFLM 4634,212921,postgres
vf:season:vflm4635,VFLM 4635,212679,postgres
vf:season:vflm4636,VFLM 4636,212438,postgres
vf:season:vflm4637,VFLM 4637,212196,postgres
vf:season:vflm4638,VFLM 4638,211955,postgres
vf:season:vflm4639,VFLM 4639,211714,postgres
vf:season:vflm4640,VFLM 4640,211472,postgres
vf:season:vflm4641,VFLM 4641,211062,postgres
vf:season:vflm4642,VFLM 4642,210578,postgres
vf:season:vflm4643,VFLM 4643,210175,postgres
vf:season:vflm4644,VFLM 4644,209886,postgres
vf:season:vflm4645,VFLM 4645,209685,postgres
vf:season:vflm4646,VFLM 4646,209467,postgres
vf:season:vflm4647,VFLM 4647,209233,postgres
vf:season:vflm4648,VFLM 4648,208981,postgres
vf:season:vflm4649,VFLM 4649,208570,postgres
vf:season:vflm4650,VFLM 4650,208206,postgres
vf:season:vflm4651,VFLM 4651,207998,postgres
vf:season:vflm4652,VFLM 4652,207757,postgres
vf:season:vflm4653,VFLM 4653,207516,postgres
vf:season:vflm4654,VFLM 4654,207250,postgres
vf:season:vflm4655,VFLM 4655,206872,postgres
vf:season:vflm4656,VFLM 4656,206397,postgres
vf:season:vflm4657,VFLM 4657,205914,postgres
vf:season:vflm4658,VFLM 4658,205431,postgres
vf:season:vflm4659,VFLM 4659,205116,postgres
vf:season:vflm4660,VFLM 4660,204875,postgres
vf:season:vflm4661,VFLM 4661,204634,postgres
vf:season:vflm4662,VFLM 4662,204393,postgres
vf:season:vflm4663,VFLM 4663,204152,postgres
vf:season:vflm4664,VFLM 4664,203902,postgres
vf:season:vflm4665,VFLM 4665,203604,postgres
vf:season:vflm4666,VFLM 4666,203242,postgres
vf:season:vflm4667,VFLM 4667,202807,postgres
vf:season:vflm4668,VFLM 4668,202333,postgres
vf:season:vflm4669,VFLM 4669,202067,postgres
vf:season:vflm4670,VFLM 4670,201825,postgres
vf:season:vflm4671,VFLM 4671,201584,postgres
vf:season:vflm4672,VFLM 4672,201342,postgres
vf:season:vflm4673,VFLM 4673,201101,postgres
vf:season:vflm4674,VFLM 4674,200787,postgres
vf:season:vflm4675,VFLM 4675,200320,postgres
vf:season:vflm4676,VFLM 4676,199861,postgres
vf:season:vflm4677,VFLM 4677,199557,postgres
vf:season:vflm4678,VFLM 4678,199315,postgres
vf:season:vflm4679,VFLM 4679,199074,postgres
vf:season:vflm4680,VFLM 4680,198832,postgres
vf:season:vflm4681,VFLM 4681,198591,postgres
vf:season:vflm4682,VFLM 4682,198140,postgres
vf:season:vflm4683,VFLM 4683,197648,postgres
vf:season:vflm4684,VFLM 4684,197270,postgres
vf:season:vflm4685,VFLM 4685,196996,postgres
vf:season:vflm4686,VFLM 4686,196758,postgres
vf:season:vflm4687,VFLM 4687,196517,postgres
vf:season:vflm4688,VFLM 4688,196275,postgres
vf:season:vflm4689,VFLM 4689,196033,postgres
vf:season:vflm4690,VFLM 4690,195792,postgres
vf:season:vflm4691,VFLM 4691,195550,postgres
vf:season:vflm4692,VFLM 4692,195309,postgres
vf:season:vflm4693,VFLM 4693,195067,postgres
vf:season:vflm4694,VFLM 4694,194691,postgres
vf:season:vflm4695,VFLM 4695,194224,postgres
vf:season:vflm4696,VFLM 4696,193894,postgres
vf:season:vflm4697,VFLM 4697,193652,postgres
vf:season:vflm4698,VFLM 4698,193403,postgres
vf:season:vflm4699,VFLM 4699,193161,postgres
vf:season:vflm4700,VFLM 4700,192919,postgres
vf:season:vflm4701,VFLM 4701,192678,postgres
vf:season:vflm4702,VFLM 4702,192436,postgres
vf:season:vflm4703,VFLM 4703,192195,postgres
vf:season:vflm4704,VFLM 4704,191953,postgres
vf:season:vflm4705,VFLM 4705,191551,postgres
vf:season:vflm4706,VFLM 4706,191068,postgres
vf:season:vflm4707,VFLM 4707,190770,postgres
vf:season:vflm4708,VFLM 4708,190528,postgres
vf:season:vflm4709,VFLM 4709,190287,postgres
vf:season:vflm4710,VFLM 4710,190046,postgres
vf:season:vflm4711,VFLM 4711,189804,postgres
vf:season:vflm4712,VFLM 4712,189562,postgres
vf:season:vflm4713,VFLM 4713,189321,postgres
vf:season:vflm4714,VFLM 4714,189008,postgres
vf:season:vflm4715,VFLM 4715,188541,postgres
vf:season:vflm4716,VFLM 4716,188050,postgres
vf:season:vflm4717,VFLM 4717,187743,postgres
vf:season:vflm4718,VFLM 4718,187502,postgres
vf:season:vflm4719,VFLM 4719,187260,postgres
vf:season:vflm4720,VFLM 4720,187019,postgres
vf:season:vflm4721,VFLM 4721,186777,postgres
vf:season:vflm4722,VFLM 4722,186536,postgres
vf:season:vflm4723,VFLM 4723,186198,postgres
vf:season:vflm4724,VFLM 4724,185731,postgres
vf:season:vflm4725,VFLM 4725,185248,postgres
vf:season:vflm4726,VFLM 4726,184918,postgres
vf:season:vflm4727,VFLM 4727,184676,postgres
vf:season:vflm4728,VFLM 4728,184435,postgres
vf:season:vflm4729,VFLM 4729,184193,postgres
vf:season:vflm4730,VFLM 4730,183952,postgres
vf:season:vflm4731,VFLM 4731,183710,postgres
vf:season:vflm4732,VFLM 4732,183268,postgres
vf:season:vflm4733,VFLM 4733,182864,postgres
vf:season:vflm4734,VFLM 4734,182558,postgres
vf:season:vflm4735,VFLM 4735,182309,postgres
vf:season:vflm4736,VFLM 4736,182068,postgres
vf:season:vflm4737,VFLM 4737,181826,postgres
vf:season:vflm4738,VFLM 4738,181585,postgres
vf:season:vflm4739,VFLM 4739,181343,postgres
vf:season:vflm4740,VFLM 4740,181062,postgres
vf:season:vflm4741,VFLM 4741,180605,postgres
vf:season:vflm4742,VFLM 4742,180113,postgres
vf:season:vflm4743,VFLM 4743,179734,postgres
vf:season:vflm4744,VFLM 4744,179469,postgres
vf:season:vflm4745,VFLM 4745,179227,postgres
vf:season:vflm4746,VFLM 4746,178986,postgres
vf:season:vflm4747,VFLM 4747,178744,postgres
vf:season:vflm4748,VFLM 4748,178503,postgres
vf:season:vflm4749,VFLM 4749,178262,postgres
vf:season:vflm4750,VFLM 4750,177924,postgres
vf:season:vflm4751,VFLM 4751,177441,postgres
vf:season:vflm4752,VFLM 4752,176957,postgres
vf:season:vflm4753,VFLM 4753,176619,postgres
vf:season:vflm4754,VFLM 4754,176377,postgres
vf:season:vflm4755,VFLM 4755,176136,postgres
vf:season:vflm4756,VFLM 4756,175895,postgres
vf:season:vflm4757,VFLM 4757,175653,postgres
vf:season:vflm4758,VFLM 4758,175412,postgres
vf:season:vflm4759,VFLM 4759,175122,postgres
vf:season:vflm4760,VFLM 4760,174639,postgres
vf:season:vflm4761,VFLM 4761,174172,postgres
vf:season:vflm4762,VFLM 4762,173850,postgres
vf:season:vflm4763,VFLM 4763,173609,postgres
vf:season:vflm4764,VFLM 4764,173367,postgres
vf:season:vflm4765,VFLM 4765,173126,postgres
vf:season:vflm4766,VFLM 4766,172884,postgres
vf:season:vflm4767,VFLM 4767,172595,postgres
vf:season:vflm4768,VFLM 4768,172112,postgres
vf:season:vflm4769,VFLM 4769,171652,postgres
vf:season:vflm4770,VFLM 4770,171394,postgres
vf:season:vflm4771,VFLM 4771,171145,postgres
vf:season:vflm4772,VFLM 4772,170904,postgres
vf:season:vflm4773,VFLM 4773,170663,postgres
vf:season:vflm4774,VFLM 4774,170422,postgres
vf:season:vflm4775,VFLM 4775,170133,postgres
vf:season:vflm4776,VFLM 4776,169690,postgres
vf:season:vflm4777,VFLM 4777,169166,postgres
vf:season:vflm4778,VFLM 4778,168820,postgres
vf:season:vflm4779,VFLM 4779,168578,postgres
vf:season:vflm4780,VFLM 4780,168337,postgres
vf:season:vflm4781,VFLM 4781,168095,postgres
vf:season:vflm4782,VFLM 4782,167854,postgres
vf:season:vflm4783,VFLM 4783,167613,postgres
vf:season:vflm4784,VFLM 4784,167281,postgres
vf:season:vflm4785,VFLM 4785,166806,postgres
vf:season:vflm4786,VFLM 4786,166331,postgres
vf:season:vflm4787,VFLM 4787,166065,postgres
vf:season:vflm4788,VFLM 4788,165825,postgres
vf:season:vflm4789,VFLM 4789,165584,postgres
vf:season:vflm4790,VFLM 4790,165343,postgres
vf:season:vflm4791,VFLM 4791,165101,postgres
vf:season:vflm4792,VFLM 4792,164795,postgres
vf:season:vflm4793,VFLM 4793,164336,postgres
vf:season:vflm4794,VFLM 4794,163837,postgres
vf:season:vflm4795,VFLM 4795,163563,postgres
vf:season:vflm4796,VFLM 4796,163322,postgres
vf:season:vflm4797,VFLM 4797,163080,postgres
vf:season:vflm4798,VFLM 4798,162839,postgres
vf:season:vflm4799,VFLM 4799,162597,postgres
vf:season:vflm4800,VFLM 4800,162356,postgres
vf:season:vflm4801,VFLM 4801,162114,postgres
vf:season:vflm4802,VFLM 4802,161792,postgres
vf:season:vflm4803,VFLM 4803,161389,postgres
vf:season:vflm4804,VFLM 4804,160940,postgres
vf:season:vflm4805,VFLM 4805,160505,postgres
vf:season:vflm4806,VFLM 4806,160216,postgres
vf:season:vflm4807,VFLM 4807,159974,postgres
vf:season:vflm4808,VFLM 4808,159733,postgres
vf:season:vflm4809,VFLM 4809,159491,postgres
vf:season:vflm4810,VFLM 4810,159250,postgres
vf:season:vflm4811,VFLM 4811,159008,postgres
vf:season:vflm4812,VFLM 4812,158670,postgres
vf:season:vflm4813,VFLM 4813,158188,postgres
vf:season:vflm4814,VFLM 4814,157858,postgres
vf:season:vflm4815,VFLM 4815,157617,postgres
vf:season:vflm4816,VFLM 4816,157375,postgres
vf:season:vflm4817,VFLM 4817,157134,postgres
vf:season:vflm4818,VFLM 4818,156892,postgres
vf:season:vflm4819,VFLM 4819,156651,postgres
vf:season:vflm4820,VFLM 4820,156369,postgres
vf:season:vflm4821,VFLM 4821,155919,postgres
vf:season:vflm4822,VFLM 4822,155549,postgres
vf:season:vflm4823,VFLM 4823,155308,postgres
vf:season:vflm4824,VFLM 4824,155066,postgres
vf:season:vflm4825,VFLM 4825,154825,postgres
vf:season:vflm4826,VFLM 4826,154583,postgres
vf:season:vflm4827,VFLM 4827,154301,postgres
vf:season:vflm4828,VFLM 4828,153867,postgres
vf:season:vflm4829,VFLM 4829,153416,postgres
vf:season:vflm4830,VFLM 4830,152901,postgres
vf:season:vflm4831,VFLM 4831,152555,postgres
vf:season:vflm4832,VFLM 4832,152297,postgres
vf:season:vflm4833,VFLM 4833,152055,postgres
vf:season:vflm4834,VFLM 4834,151814,postgres
vf:season:vflm4835,VFLM 4835,151572,postgres
vf:season:vflm4836,VFLM 4836,151323,postgres
vf:season:vflm4837,VFLM 4837,151075,postgres
vf:season:vflm4838,VFLM 4838,150729,postgres
vf:season:vflm4839,VFLM 4839,150254,postgres
vf:season:vflm4840,VFLM 4840,149771,postgres
vf:season:vflm4841,VFLM 4841,149392,postgres
vf:season:vflm4842,VFLM 4842,149119,postgres
vf:season:vflm4843,VFLM 4843,148877,postgres
vf:season:vflm4844,VFLM 4844,148636,postgres
vf:season:vflm4845,VFLM 4845,148394,postgres
vf:season:vflm4846,VFLM 4846,148080,postgres
vf:season:vflm4847,VFLM 4847,147605,postgres
vf:season:vflm4848,VFLM 4848,147267,postgres
vf:season:vflm4849,VFLM 4849,147026,postgres
vf:season:vflm4850,VFLM 4850,146784,postgres
vf:season:vflm4851,VFLM 4851,146543,postgres
vf:season:vflm4852,VFLM 4852,146302,postgres
vf:season:vflm4853,VFLM 4853,146029,postgres
vf:season:vflm4854,VFLM 4854,145562,postgres
vf:season:vflm4855,VFLM 4855,145087,postgres
vf:season:vflm4856,VFLM 4856,144725,postgres
vf:season:vflm4857,VFLM 4857,144483,postgres
vf:season:vflm4858,VFLM 4858,144242,postgres
vf:season:vflm4859,VFLM 4859,144000,postgres
vf:season:vflm4860,VFLM 4860,143759,postgres
vf:season:vflm4861,VFLM 4861,143405,postgres
vf:season:vflm4862,VFLM 4862,142938,postgres
vf:season:vflm4863,VFLM 4863,142519,postgres
vf:season:vflm4864,VFLM 4864,142278,postgres
vf:season:vflm4865,VFLM 4865,142036,postgres
vf:season:vflm4866,VFLM 4866,141795,postgres
vf:season:vflm4867,VFLM 4867,141561,postgres
vf:season:vflm4868,VFLM 4868,141224,postgres
vf:season:vflm4869,VFLM 4869,140894,postgres
vf:season:vflm4870,VFLM 4870,140411,postgres
vf:season:vflm4871,VFLM 4871,139960,postgres
vf:season:vflm4872,VFLM 4872,139718,postgres
vf:season:vflm4873,VFLM 4873,139477,postgres
vf:season:vflm4874,VFLM 4874,139235,postgres
vf:season:vflm4875,VFLM 4875,138994,postgres
vf:season:vflm4876,VFLM 4876,138728,postgres
vf:season:vflm4877,VFLM 4877,138277,postgres
vf:season:vflm4878,VFLM 4878,137802,postgres
vf:season:vflm4879,VFLM 4879,137480,postgres
vf:season:vflm4880,VFLM 4880,137239,postgres
vf:season:vflm4881,VFLM 4881,136997,postgres
vf:season:vflm4882,VFLM 4882,136756,postgres
vf:season:vflm4883,VFLM 4883,136515,postgres
vf:season:vflm4884,VFLM 4884,136129,postgres
vf:season:vflm4885,VFLM 4885,135670,postgres
vf:season:vflm4886,VFLM 4886,135243,postgres
vf:season:vflm4887,VFLM 4887,134993,postgres
vf:season:vflm4888,VFLM 4888,134752,postgres
vf:season:vflm4889,VFLM 4889,134510,postgres
vf:season:vflm4890,VFLM 4890,134269,postgres
vf:season:vflm4891,VFLM 4891,134027,postgres
vf:season:vflm4892,VFLM 4892,133786,postgres
vf:season:vflm4893,VFLM 4893,133480,postgres
vf:season:vflm4894,VFLM 4894,133053,postgres
vf:season:vflm4895,VFLM 4895,132667,postgres
vf:season:vflm4896,VFLM 4896,132425,postgres
vf:season:vflm4897,VFLM 4897,132192,postgres
vf:season:vflm4898,VFLM 4898,131950,postgres
vf:season:vflm4899,VFLM 4899,131709,postgres
vf:season:vflm4900,VFLM 4900,131469,postgres
vf:season:vflm4901,VFLM 4901,131219,postgres
vf:season:vflm4902,VFLM 4902,130769,postgres
vf:season:vflm4903,VFLM 4903,130286,postgres
vf:season:vflm4904,VFLM 4904,129988,postgres
vf:season:vflm4905,VFLM 4905,129746,postgres
vf:season:vflm4906,VFLM 4906,129505,postgres
vf:season:vflm4907,VFLM 4907,129264,postgres
vf:season:vflm4908,VFLM 4908,129022,postgres
vf:season:vflm4909,VFLM 4909,128781,postgres
vf:season:vflm4910,VFLM 4910,128491,postgres
vf:season:vflm4911,VFLM 4911,128113,postgres
vf:season:vflm4912,VFLM 4912,127630,postgres
vf:season:vflm4913,VFLM 4913,127179,postgres
vf:season:vflm4914,VFLM 4914,126937,postgres
vf:season:vflm4915,VFLM 4915,126696,postgres
vf:season:vflm4916,VFLM 4916,126456,postgres
vf:season:vflm4917,VFLM 4917,126214,postgres
vf:season:vflm4918,VFLM 4918,125973,postgres
vf:season:vflm4919,VFLM 4919,125668,postgres
vf:season:vflm4920,VFLM 4920,125185,postgres
vf:season:vflm4921,VFLM 4921,124734,postgres
vf:season:vflm4922,VFLM 4922,124379,postgres
vf:season:vflm4923,VFLM 4923,124138,postgres
vf:season:vflm4924,VFLM 4924,123896,postgres
vf:season:vflm4925,VFLM 4925,123655,postgres
vf:season:vflm4926,VFLM 4926,123414,postgres
vf:season:vflm4927,VFLM 4927,123148,postgres
vf:season:vflm4928,VFLM 4928,122722,postgres
vf:season:vflm4929,VFLM 4929,122287,postgres
vf:season:vflm4930,VFLM 4930,121989,postgres
vf:season:vflm4931,VFLM 4931,121748,postgres
vf:season:vflm4932,VFLM 4932,121507,postgres
vf:season:vflm4933,VFLM 4933,121265,postgres
vf:season:vflm4934,VFLM 4934,120984,postgres
vf:season:vflm4935,VFLM 4935,120501,postgres
vf:season:vflm4936,VFLM 4936,120026,postgres
vf:season:vflm4937,VFLM 4937,119760,postgres
vf:season:vflm4938,VFLM 4938,119519,postgres
vf:season:vflm4939,VFLM 4939,119277,postgres
vf:season:vflm4940,VFLM 4940,119036,postgres
vf:season:vflm4941,VFLM 4941,118682,postgres
vf:season:vflm4942,VFLM 4942,118239,postgres
vf:season:vflm4943,VFLM 4943,117893,postgres
vf:season:vflm4944,VFLM 4944,117644,postgres
vf:season:vflm4945,VFLM 4945,117402,postgres
vf:season:vflm4946,VFLM 4946,117161,postgres
vf:season:vflm4947,VFLM 4947,116919,postgres
vf:season:vflm4948,VFLM 4948,116662,postgres
vf:season:vflm4949,VFLM 4949,116308,postgres
vf:season:vflm4950,VFLM 4950,115825,postgres
vf:season:vflm4951,VFLM 4951,115520,postgres
vf:season:vflm4952,VFLM 4952,115278,postgres
vf:season:vflm4953,VFLM 4953,115037,postgres
vf:season:vflm4954,VFLM 4954,114795,postgres
vf:season:vflm4955,VFLM 4955,114554,postgres
vf:season:vflm4956,VFLM 4956,114288,postgres
vf:season:vflm4957,VFLM 4957,113829,postgres
vf:season:vflm4958,VFLM 4958,113330,postgres
vf:season:vflm4959,VFLM 4959,113065,postgres
vf:season:vflm4960,VFLM 4960,112823,postgres
vf:season:vflm4961,VFLM 4961,112582,postgres
vf:season:vflm4962,VFLM 4962,112340,postgres
vf:season:vflm4963,VFLM 4963,112099,postgres
vf:season:3087675,VFLM 4964,63,postgres
vf:season:3087702,VFLM 4965,105,postgres
vf:season:3087733,VFLM 4966,72,postgres
vf:season:3087762,VFLM 4967,119,postgres
vf:season:3087792,VFLM 4968,106,postgres
vf:season:3087822,VFLM 4969,148,postgres
vf:season:3087850,VFLM 4970,83,postgres
vf:season:3087880,VFLM 4971,123,postgres
vf:season:3087909,VFLM 4972,113,postgres
vf:season:3087937,VFLM 4973,120,postgres
vf:season:3087967,VFLM 4974,108,postgres
vf:season:3087997,VFLM 4975,67,postgres
vf:season:3088023,VFLM 4976,125,postgres
vf:season:3088054,VFLM 4977,47,postgres
vf:season:3088080,VFLM 4978,88,postgres
vf:season:3088113,VFLM 4979,49,postgres
vf:season:3088140,VFLM 4980,140,postgres
vf:season:3088170,VFLM 4981,121,postgres
vf:season:3088197,VFLM 4982,80,postgres
vf:season:3088225,VFLM 4983,101,postgres
vf:season:3088255,VFLM 4984,117,postgres
vf:season:3088282,VFLM 4985,54,postgres
vf:season:3088312,VFLM 4986,116,postgres
vf:season:3088343,VFLM 4987,126,postgres
vf:season:3088369,VFLM 4988,129,postgres
vf:season:3088399,VFLM 4989,78,postgres
vf:season:3088425,VFLM 4990,91,postgres
vf:season:3088457,VFLM 4991,60,postgres
vf:season:3088484,VFLM 4992,44,postgres
vf:season:3088516,VFLM 4993,95,postgres
vf:season:3088540,VFLM 4994,143,postgres
vf:season:3088573,VFLM 4995,56,postgres
vf:season:3088596,VFLM 4996,137,postgres
vf:season:3088630,VFLM 4997,128,postgres
vf:season:3088656,VFLM 4998,90,postgres
vf:season:3088687,VFLM 4999,58,postgres
vf:season:3088716,VFLM 5000,115,postgres
vf:season:3088744,VFLM 5001,66,postgres
vf:season:3088773,VFLM 5002,102,postgres
vf:season:3088802,VFLM 5003,93,postgres
vf:season:3088832,VFLM 5004,132,postgres
vf:season:3088862,VFLM 5005,155,postgres
vf:season:3088894,VFLM 5006,77,postgres
vf:season:3088921,VFLM 5007,97,postgres
vf:season:3088947,VFLM 5008,147,postgres
vf:season:3088978,VFLM 5009,57,postgres
vf:season:3089004,VFLM 5010,52,postgres
vf:season:3089034,VFLM 5011,92,postgres
vf:season:3089063,VFLM 5012,138,postgres
vf:season:3089094,VFLM 5013,94,postgres
vf:season:3089122,VFLM 5014,53,postgres
vf:season:3089153,VFLM 5015,59,postgres
vf:season:3089180,VFLM 5016,114,postgres
vf:season:3089206,VFLM 5017,51,postgres
vf:season:3089241,VFLM 5018,112,postgres
vf:season:3089266,VFLM 5019,158,postgres
vf:season:3089296,VFLM 5020,150,postgres
vf:season:vflm5021,VFLM 5021,94794,postgres
vf:season:vflm5022,VFLM 5022,94336,postgres
vf:season:vflm5023,VFLM 5023,93853,postgres
vf:season:vflm5024,VFLM 5024,93507,postgres
vf:season:vflm5025,VFLM 5025,93265,postgres
vf:season:vflm5026,VFLM 5026,93024,postgres
vf:season:vflm5027,VFLM 5027,92783,postgres
vf:season:vflm5028,VFLM 5028,92541,postgres
vf:season:vflm5029,VFLM 5029,92300,postgres
vf:season:vflm5030,VFLM 5030,92026,postgres
vf:season:vflm5031,VFLM 5031,91712,postgres
vf:season:vflm5032,VFLM 5032,91245,postgres
vf:season:vflm5033,VFLM 5033,90786,postgres
vf:season:vflm5034,VFLM 5034,90481,postgres
vf:season:vflm5035,VFLM 5035,90240,postgres
vf:season:vflm5036,VFLM 5036,89999,postgres
vf:season:vflm5037,VFLM 5037,89757,postgres
vf:season:vflm5038,VFLM 5038,89516,postgres
vf:season:vflm5039,VFLM 5039,89210,postgres
vf:season:vflm5040,VFLM 5040,88751,postgres
vf:season:vflm5041,VFLM 5041,88389,postgres
vf:season:vflm5042,VFLM 5042,88148,postgres
vf:season:vflm5043,VFLM 5043,87906,postgres
vf:season:vflm5044,VFLM 5044,87665,postgres
vf:season:vflm5045,VFLM 5045,87423,postgres
vf:season:vflm5046,VFLM 5046,87182,postgres
vf:season:vflm5047,VFLM 5047,86885,postgres
vf:season:vflm5048,VFLM 5048,86425,postgres
vf:season:vflm5049,VFLM 5049,86023,postgres
vf:season:vflm5050,VFLM 5050,85742,postgres
vf:season:vflm5051,VFLM 5051,85484,postgres
vf:season:vflm5052,VFLM 5052,85243,postgres
vf:season:vflm5053,VFLM 5053,85001,postgres
vf:season:vflm5054,VFLM 5054,84760,postgres
vf:season:vflm5055,VFLM 5055,84519,postgres
vf:season:vflm5056,VFLM 5056,84237,postgres
vf:season:vflm5057,VFLM 5057,83779,postgres
vf:season:vflm5058,VFLM 5058,83360,postgres
vf:season:vflm5059,VFLM 5059,83078,postgres
vf:season:vflm5060,VFLM 5060,82837,postgres
vf:season:vflm5061,VFLM 5061,82595,postgres
vf:season:vflm5062,VFLM 5062,82354,postgres
vf:season:vflm5063,VFLM 5063,82113,postgres
vf:season:vflm5064,VFLM 5064,81872,postgres
vf:season:vflm5065,VFLM 5065,81598,postgres
vf:season:vflm5066,VFLM 5066,81195,postgres
vf:season:vflm5067,VFLM 5067,80769,postgres
vf:season:vflm5068,VFLM 5068,80479,postgres
vf:season:vflm5069,VFLM 5069,80238,postgres
vf:season:vflm5070,VFLM 5070,79998,postgres
vf:season:vflm5071,VFLM 5071,79756,postgres
vf:season:vflm5072,VFLM 5072,79515,postgres
vf:season:vflm5073,VFLM 5073,79273,postgres
vf:season:vflm5074,VFLM 5074,79032,postgres
vf:season:vflm5075,VFLM 5075,78791,postgres
vf:season:vflm5076,VFLM 5076,78445,postgres
vf:season:vflm5077,VFLM 5077,77962,postgres
vf:season:vflm5078,VFLM 5078,77503,postgres
vf:season:vflm5079,VFLM 5079,77237,postgres
vf:season:3091023,VFLM 5080,45,postgres
vf:season:3091054,VFLM 5081,131,postgres
vf:season:3091083,VFLM 5082,75,postgres
vf:season:3091111,VFLM 5083,151,postgres
vf:season:3091139,VFLM 5084,133,postgres
vf:season:3091167,VFLM 5085,64,postgres
vf:season:3091197,VFLM 5086,82,postgres
vf:season:3091224,VFLM 5087,124,postgres
vf:season:3091254,VFLM 5088,107,postgres
vf:season:3091285,VFLM 5089,99,postgres
vf:season:3091310,VFLM 5090,135,postgres
vf:season:3091341,VFLM 5091,146,postgres
vf:season:3091366,VFLM 5092,139,postgres
vf:season:3091397,VFLM 5093,86,postgres
vf:season:3091423,VFLM 5094,141,postgres
vf:season:3091459,VFLM 5095,48,postgres
vf:season:3091485,VFLM 5096,96,postgres
vf:season:3091516,VFLM 5097,103,postgres
vf:season:3091541,VFLM 5098,85,postgres
vf:season:3091572,VFLM 5099,118,postgres
vf:season:3091599,VFLM 5100,89,postgres
vf:season:3091629,VFLM 5101,149,postgres
vf:season:3091660,VFLM 5102,154,postgres
vf:season:3091691,VFLM 5103,46,postgres
vf:season:3091718,VFLM 5104,142,postgres
vf:season:3091747,VFLM 5105,87,postgres
vf:season:3091775,VFLM 5106,2,postgres
vf:season:3091803,VFLM 5107,4,postgres
vf:season:3091832,VFLM 5108,5,postgres
vf:season:3091864,VFLM 5109,6,postgres
vf:season:3091887,VFLM 5110,7,postgres
vf:season:3091921,VFLM 5111,8,postgres
vf:season:3091946,VFLM 5112,9,postgres
vf:season:3091977,VFLM 5113,10,postgres
vf:season:3092003,VFLM 5114,11,postgres
vf:season:3092037,VFLM 5115,12,postgres
vf:season:3092062,VFLM 5116,13,postgres
vf:season:3092091,VFLM 5117,14,postgres
vf:season:3092119,VFLM 5118,15,postgres
vf:season:3092148,VFLM 5119,16,postgres
vf:season:3092177,VFLM 5120,17,postgres
vf:season:3092209,VFLM 5121,18,postgres
vf:season:3092238,VFLM 5122,19,postgres
vf:season:3092265,VFLM 5123,20,postgres
vf:season:3092293,VFLM 5124,21,postgres
vf:season:3092322,VFLM 5125,22,postgres
vf:season:3092347,VFLM 5126,23,postgres
vf:season:3092383,VFLM 5127,24,postgres
vf:season:3092408,VFLM 5128,25,postgres
vf:season:3092439,VFLM 5129,26,postgres
vf:season:3092464,VFLM 5130,27,postgres
vf:season:3092497,VFLM 5131,28,postgres
vf:season:3092521,VFLM 5132,29,postgres
vf:season:3092554,VFLM 5133,30,postgres
vf:season:3092585,VFLM 5134,31,postgres
vf:season:3092614,VFLM 5135,32,postgres
vf:season:3092642,VFLM 5136,33,postgres
vf:season:3092671,VFLM 5137,34,postgres
vf:season:3092698,VFLM 5138,35,postgres
vf:season:3092726,VFLM 5139,36,postgres
vf:season:3092758,VFLM 5140,37,postgres
vf:season:3092786,VFLM 5141,38,postgres
vf:season:3092811,VFLM 5142,39,postgres
vf:season:3092845,VFLM 5143,40,postgres
vf:season:3092871,VFLM 5144,41,postgres
vf:season:3092901,VFLM 5145,42,postgres
vf:season:3092927,VFLM 5146,191,postgres
vf:season:3092961,VFLM 5147,220,postgres
vf:season:3092986,VFLM 5148,249,postgres
vf:season:3093017,VFLM 5149,266,postgres
vf:season:3093043,VFLM 5150,292,postgres
vf:season:3093073,VFLM 5151,322,postgres
vf:season:3093101,VFLM 5152,352,postgres
vf:season:3093133,VFLM 5153,382,postgres
vf:season:3093162,VFLM 5154,412,postgres
vf:season:3093189,VFLM 5155,442,postgres
vf:season:3093218,VFLM 5156,472,postgres
vf:season:3093247,VFLM 5157,502,postgres
vf:season:3093275,VFLM 5158,532,postgres
vf:season:3093304,VFLM 5159,562,postgres
vf:season:3093335,VFLM 5160,591,postgres
vf:season:3093364,VFLM 5161,621,postgres
vf:season:3093393,VFLM 5162,651,postgres
vf:season:3093424,VFLM 5163,681,postgres
vf:season:3093450,VFLM 5164,711,postgres
vf:season:3093479,VFLM 5165,741,postgres
vf:season:3093512,VFLM 5166,771,postgres
vf:season:3093543,VFLM 5167,800,postgres
vf:season:3093571,VFLM 5168,830,postgres
vf:season:3093597,VFLM 5169,860,postgres
vf:season:3093629,VFLM 5170,890,postgres
vf:season:3093653,VFLM 5171,919,postgres
vf:season:3093688,VFLM 5172,949,postgres
vf:season:3093714,VFLM 5173,979,postgres
vf:season:3093745,VFLM 5174,1009,postgres
vf:season:3093770,VFLM 5175,1039,postgres
vf:season:3093803,VFLM 5176,1069,postgres
vf:season:3093828,VFLM 5177,1099,postgres
vf:season:3093855,VFLM 5178,1129,postgres
vf:season:3093887,VFLM 5179,1159,postgres
vf:season:3093916,VFLM 5180,1189,postgres
vf:season:3093942,VFLM 5181,1219,postgres
vf:season:3093972,VFLM 5182,1249,postgres
vf:season:3094004,VFLM 5183,1279,postgres
vf:season:3094030,VFLM 5184,1308,postgres
vf:season:3094058,VFLM 5185,1337,postgres
vf:season:3094091,VFLM 5186,1366,postgres
vf:season:3094115,VFLM 5187,1396,postgres
vf:season:3094146,VFLM 5188,1426,postgres
vf:season:3094173,VFLM 5189,1455,postgres
vf:season:3094203,VFLM 5190,1485,postgres
vf:season:3094230,VFLM 5191,1515,postgres
vf:season:3094266,VFLM 5192,1545,postgres
vf:season:3094289,VFLM 5193,1575,postgres
vf:season:3094317,VFLM 5194,1605,postgres
vf:season:3094346,VFLM 5195,1635,postgres
vf:season:3094375,VFLM 5196,1668,postgres
vf:season:3094403,VFLM 5197,1697,postgres
vf:season:3094433,VFLM 5198,1726,postgres
vf:season:3094467,VFLM 5199,1757,postgres
vf:season:3094495,VFLM 5200,1785,postgres
vf:season:3094523,VFLM 5201,1812,postgres
vf:season:3094552,VFLM 5202,1844,postgres
vf:season:3094577,VFLM 5203,1874,postgres
vf:season:3094607,VFLM 5204,1904,postgres
vf:season:3094637,VFLM 5205,1933,postgres
vf:season:3094668,VFLM 5206,1962,postgres
vf:season:3094694,VFLM 5207,1991,postgres
vf:season:3094727,VFLM 5208,2021,postgres
vf:season:3094753,VFLM 5209,2051,postgres
vf:season:3094783,VFLM 5210,2081,postgres
vf:season:3094811,VFLM 5211,2111,postgres
vf:season:3094840,VFLM 5212,2141,postgres
vf:season:3094867,VFLM 5213,2171,postgres
vf:season:3094895,VFLM 5214,2201,postgres
vf:season:3094926,VFLM 5215,2231,postgres
vf:season:3094954,VFLM 5216,2260,postgres
vf:season:3094984,VFLM 5217,2290,postgres
vf:season:3095014,VFLM 5218,2320,postgres
vf:season:3095041,VFLM 5219,2350,postgres
vf:season:3095070,VFLM 5220,2379,postgres
vf:season:3095094,VFLM 5221,2409,postgres
vf:season:3095127,VFLM 5222,2438,postgres
vf:season:3095154,VFLM 5223,2468,postgres
vf:season:3095187,VFLM 5224,2498,postgres
vf:season:3095214,VFLM 5225,2528,postgres
vf:season:3095245,VFLM 5226,2558,postgres
vf:season:3095271,VFLM 5227,2588,postgres
vf:season:3095304,VFLM 5228,2618,postgres
vf:season:3095329,VFLM 5229,2648,postgres
vf:season:3095359,VFLM 5230,2678,postgres
vf:season:3095391,VFLM 5231,2707,postgres
vf:season:3095420,VFLM 5232,2737,postgres
vf:season:3095448,VFLM 5233,2767,postgres
vf:season:3095477,VFLM 5234,2797,postgres
vf:season:3095507,VFLM 5235,2827,postgres
vf:season:3095533,VFLM 5236,2857,postgres
vf:season:3095563,VFLM 5237,2886,postgres
vf:season:3095594,VFLM 5238,2916,postgres
vf:season:3095621,VFLM 5239,2946,postgres
vf:season:3095650,VFLM 5240,2976,postgres
vf:season:3095677,VFLM 5241,3006,postgres
vf:season:3095707,VFLM 5242,3035,postgres
vf:season:3095736,VFLM 5243,3065,postgres
vf:season:3095768,VFLM 5244,3094,postgres
vf:season:3095793,VFLM 5245,3124,postgres
vf:season:3095821,VFLM 5246,3154,postgres
vf:season:3095852,VFLM 5247,3183,postgres
vf:season:3095881,VFLM 5248,3212,postgres
vf:season:3095908,VFLM 5249,3241,postgres
vf:season:3095939,VFLM 5250,3270,postgres
vf:season:3095967,VFLM 5251,3299,postgres
vf:season:3095996,VFLM 5252,3328,postgres
vf:season:3096022,VFLM 5253,3358,postgres
vf:season:3096053,VFLM 5254,3388,postgres
vf:season:3096079,VFLM 5255,3417,postgres
vf:season:3096113,VFLM 5256,3446,postgres
vf:season:3096139,VFLM 5257,3476,postgres
vf:season:3096170,VFLM 5258,3506,postgres
vf:season:3096195,VFLM 5259,3535,postgres
vf:season:3096229,VFLM 5260,3565,postgres
vf:season:3096252,VFLM 5261,3595,postgres
vf:season:3096287,VFLM 5262,3625,postgres
vf:season:3096315,VFLM 5263,3654,postgres
vf:season:3096344,VFLM 5264,3684,postgres
vf:season:3096373,VFLM 5265,3748,postgres
vf:season:3096404,VFLM 5266,3778,postgres
vf:season:3096432,VFLM 5267,3808,postgres
vf:season:3096458,VFLM 5268,3838,postgres
vf:season:3096492,VFLM 5269,3868,postgres
vf:season:3096518,VFLM 5270,3899,postgres
vf:season:3096550,VFLM 5271,3929,postgres
vf:season:3096576,VFLM 5272,3959,postgres
vf:season:3096605,VFLM 5273,3989,postgres
vf:season:3096633,VFLM 5274,4020,postgres
vf:season:3096664,VFLM 5275,4050,postgres
vf:season:3096693,VFLM 5276,4080,postgres
vf:season:3096721,VFLM 5277,4111,postgres
vf:season:3096749,VFLM 5278,4141,postgres
vf:season:3096780,VFLM 5279,4172,postgres
vf:season:3096804,VFLM 5280,4202,postgres
vf:season:3096836,VFLM 5281,4232,postgres
vf:season:3096863,VFLM 5282,4263,postgres
vf:season:3096897,VFLM 5283,4293,postgres
vf:season:3096920,VFLM 5284,4323,postgres
vf:season:3096952,VFLM 5285,4353,postgres
vf:season:3096979,VFLM 5286,4382,postgres
vf:season:3097010,VFLM 5287,4412,postgres
vf:season:3097038,VFLM 5288,4442,postgres
vf:season:3097067,VFLM 5289,4472,postgres
vf:season:3097095,VFLM 5290,4501,postgres
vf:season:3097126,VFLM 5291,4531,postgres
vf:season:3097158,VFLM 5292,4561,postgres
vf:season:3097184,VFLM 5293,5486,postgres
vf:season:3097215,VFLM 5294,5487,postgres
vf:season:3097247,VFLM 5295,5488,postgres
vf:season:3097275,VFLM 5296,5489,postgres
vf:season:3097302,VFLM 5297,5490,postgres
vf:season:3097330,VFLM 5298,5491,postgres
vf:season:3097362,VFLM 5299,5492,postgres
vf:season:3097388,VFLM 5300,5493,postgres
vf:season:3097421,VFLM 5301,5494,postgres
vf:season:3097450,VFLM 5302,5495,postgres
vf:season:3097480,VFLM 5303,5496,postgres
vf:season:3097505,VFLM 5304,5497,postgres
vf:season:3097537,VFLM 5305,5498,postgres
vf:season:3097561,VFLM 5306,5499,postgres
vf:season:3097592,VFLM 5307,5500,postgres
vf:season:3097621,VFLM 5308,5501,postgres
vf:season:3097651,VFLM 5309,5502,postgres
vf:season:3097678,VFLM 5310,5503,postgres
vf:season:3097708,VFLM 5311,5504,postgres
vf:season:3097737,VFLM 5312,5505,postgres
vf:season:3097765,VFLM 5313,5506,postgres
vf:season:3097794,VFLM 5314,5507,postgres
vf:season:3097825,VFLM 5315,5508,postgres
vf:season:3097848,VFLM 5316,5509,postgres
vf:season:3097888,VFLM 5317,5510,postgres
vf:season:3097916,VFLM 5318,5511,postgres
vf:season:3097947,VFLM 5319,5512,postgres
vf:season:3097974,VFLM 5320,5513,postgres
vf:season:3098008,VFLM 5321,5515,postgres
vf:season:3098032,VFLM 5322,5516,postgres
vf:season:3098063,VFLM 5323,5517,postgres
vf:season:3098088,VFLM 5324,5518,postgres
vf:season:3098116,VFLM 5325,5519,postgres
vf:season:3098147,VFLM 5326,5520,postgres
vf:season:3098176,VFLM 5327,5521,postgres
vf:season:3098207,VFLM 5328,5522,postgres
vf:season:3098234,VFLM 5329,5523,postgres
vf:season:3098262,VFLM 5330,5524,postgres
vf:season:3098293,VFLM 5331,5525,postgres
vf:season:3098320,VFLM 5332,5526,postgres
vf:season:3098362,VFLM 5333,5527,postgres
vf:season:3098381,VFLM 5334,5528,postgres
vf:season:3098412,VFLM 5335,5529,postgres
vf:season:3098440,VFLM 5336,5530,postgres
vf:season:3098471,VFLM 5337,5531,postgres
vf:season:3098498,VFLM 5338,5532,postgres
vf:season:3098530,VFLM 5339,5533,postgres
vf:season:3098558,VFLM 5340,5534,postgres
vf:season:3098588,VFLM 5341,5535,postgres
vf:season:vflm5342,VFLM 5342,5307,postgres
vf:season:3098616,VFLM 5342,5536,postgres
vf:season:vflm5343,VFLM 5343,4932,postgres
vf:season:3098644,VFLM 5343,5537,postgres
vf:season:3098669,VFLM 5344,5538,postgres
vf:season:vflm5344,VFLM 5344,4690,postgres
vf:season:3098700,VFLM 5345,5539,postgres
vf:season:vflm5345,VFLM 5345,4570,postgres
vf:season:3098729,VFLM 5346,5540,postgres
vf:season:3098761,VFLM 5347,5541,postgres
vf:season:3098785,VFLM 5348,4566,postgres
vf:season:3098820,VFLM 5349,6837,postgres
vf:season:3098846,VFLM 5350,9747,postgres
vf:season:3098875,VFLM 5351,12656,postgres
vf:season:3098904,VFLM 5352,15645,postgres
vf:season:3098932,VFLM 5353,18555,postgres
vf:season:3098960,VFLM 5354,21465,postgres
vf:season:3098988,VFLM 5355,24367,postgres
vf:season:3099018,VFLM 5356,27116,postgres
vf:season:3099046,VFLM 5357,30026,postgres
vf:season:3099076,VFLM 5358,32936,postgres
vf:season:3099107,VFLM 5359,35845,postgres
vf:season:3099135,VFLM 5360,38754,postgres
vf:season:3099162,VFLM 5361,43415,postgres
vf:season:3099189,VFLM 5362,48725,postgres
vf:season:3099220,VFLM 5363,54114,postgres
vf:season:3099245,VFLM 5364,59504,postgres
vf:season:3099281,VFLM 5365,64805,postgres
vf:season:3099307,VFLM 5366,69963,postgres
vf:season:3099338,VFLM 5367,75113,postgres
vf:season:3099365,VFLM 5368,80422,postgres
vf:season:3099398,VFLM 5369,85572,postgres
vf:season:3099423,VFLM 5370,90802,postgres
vf:season:3099451,VFLM 5371,96000,postgres
vf:season:3099482,VFLM 5372,101149,postgres
vf:season:3099514,VFLM 5373,106298,postgres
vf:season:3099540,VFLM 5374,111447,postgres
vf:season:3099571,VFLM 5375,116597,postgres
vf:season:3099598,VFLM 5376,121723,postgres
vf:season:3099625,VFLM 5377,126816,postgres
vf:season:3099655,VFLM 5378,131805,postgres
vf:season:3099686,VFLM 5379,136699,postgres
vf:season:3099709,VFLM 5380,141609,postgres
vf:season:3099743,VFLM 5381,146510,postgres
vf:season:3099768,VFLM 5382,151443,postgres
vf:season:3099799,VFLM 5383,156328,postgres
vf:season:3099828,VFLM 5384,161244,postgres
vf:season:3099859,VFLM 5385,166145,postgres
vf:season:3099885,VFLM 5386,170895,postgres
vf:season:3099913,VFLM 5387,175725,postgres
vf:season:3099942,VFLM 5388,180554,postgres
vf:season:3099971,VFLM 5389,185384,postgres
vf:season:3100000,VFLM 5390,190214,postgres
vf:season:3100031,VFLM 5391,195123,postgres
vf:season:3100060,VFLM 5392,199949,postgres
vf:season:3100087,VFLM 5393,204858,postgres
vf:season:3100116,VFLM 5394,209555,postgres
vf:season:3100144,VFLM 5395,214328,postgres
vf:season:3100169,VFLM 5396,219149,postgres
vf:season:3100205,VFLM 5397,224042,postgres
vf:season:3100230,VFLM 5398,228951,postgres
vf:season:3100262,VFLM 5399,233620,postgres
vf:season:3100286,VFLM 5400,238449,postgres
vf:season:3100321,VFLM 5401,243167,postgres
3074000,,,history_sqlite_unmapped
3074091,,,history_sqlite_unmapped
VFLM 5009,VFLM 5009,,history_sqlite_unmapped
VFLM 5010,VFLM 5010,,history_sqlite_unmapped
VFLM 5011,VFLM 5011,,history_sqlite_unmapped
VFLM 5012,VFLM 5012,,history_sqlite_unmapped
VFLM 5013,VFLM 5013,,history_sqlite_unmapped
VFLM 5014,VFLM 5014,,history_sqlite_unmapped
VFLM 5015,VFLM 5015,,history_sqlite_unmapped
VFLM 5016,VFLM 5016,,history_sqlite_unmapped
VFLM 5017,VFLM 5017,,history_sqlite_unmapped
VFLM 5018,VFLM 5018,,history_sqlite_unmapped
VFLM 5019,VFLM 5019,,history_sqlite_unmapped
VFLM 5020,VFLM 5020,,history_sqlite_unmapped
VFLM 5021,VFLM 5021,,history_sqlite_unmapped
VFLM 5022,VFLM 5022,,history_sqlite_unmapped
VFLM 5023,VFLM 5023,,history_sqlite_unmapped
VFLM 5024,VFLM 5024,,history_sqlite_unmapped
VFLM 5025,VFLM 5025,,history_sqlite_unmapped
VFLM 5026,VFLM 5026,,history_sqlite_unmapped
VFLM 5027,VFLM 5027,,history_sqlite_unmapped
VFLM 5028,VFLM 5028,,history_sqlite_unmapped
VFLM 5029,VFLM 5029,,history_sqlite_unmapped
VFLM 5030,VFLM 5030,,history_sqlite_unmapped
VFLM 5031,VFLM 5031,,history_sqlite_unmapped
VFLM 5032,VFLM 5032,,history_sqlite_unmapped
VFLM 5033,VFLM 5033,,history_sqlite_unmapped
VFLM 5034,VFLM 5034,,history_sqlite_unmapped
VFLM 5035,VFLM 5035,,history_sqlite_unmapped
VFLM 5036,VFLM 5036,,history_sqlite_unmapped
VFLM 5037,VFLM 5037,,history_sqlite_unmapped
VFLM 5038,VFLM 5038,,history_sqlite_unmapped
VFLM 5039,VFLM 5039,,history_sqlite_unmapped
VFLM 5040,VFLM 5040,,history_sqlite_unmapped
VFLM 5041,VFLM 5041,,history_sqlite_unmapped
VFLM 5042,VFLM 5042,,history_sqlite_unmapped
VFLM 5043,VFLM 5043,,history_sqlite_unmapped
VFLM 5044,VFLM 5044,,history_sqlite_unmapped
VFLM 5045,VFLM 5045,,history_sqlite_unmapped
VFLM 5046,VFLM 5046,,history_sqlite_unmapped
VFLM 5047,VFLM 5047,,history_sqlite_unmapped
VFLM 5048,VFLM 5048,,history_sqlite_unmapped
VFLM 5080,VFLM 5080,,history_sqlite_unmapped
VFLM 5081,VFLM 5081,,history_sqlite_unmapped
VFLM 5082,VFLM 5082,,history_sqlite_unmapped
VFLM 5083,VFLM 5083,,history_sqlite_unmapped
VFLM 5084,VFLM 5084,,history_sqlite_unmapped
VFLM 5085,VFLM 5085,,history_sqlite_unmapped
VFLM 5086,VFLM 5086,,history_sqlite_unmapped
VFLM 5087,VFLM 5087,,history_sqlite_unmapped
VFLM 5088,VFLM 5088,,history_sqlite_unmapped
VFLM 5089,VFLM 5089,,history_sqlite_unmapped
VFLM 5090,VFLM 5090,,history_sqlite_unmapped
VFLM 5091,VFLM 5091,,history_sqlite_unmapped
VFLM 5092,VFLM 5092,,history_sqlite_unmapped
VFLM 5093,VFLM 5093,,history_sqlite_unmapped
VFLM 5094,VFLM 5094,,history_sqlite_unmapped
VFLM 5095,VFLM 5095,,history_sqlite_unmapped
VFLM 5096,VFLM 5096,,history_sqlite_unmapped
VFLM 5097,VFLM 5097,,history_sqlite_unmapped
VFLM 5098,VFLM 5098,,history_sqlite_unmapped
VFLM 5099,VFLM 5099,,history_sqlite_unmapped
VFLM 5100,VFLM 5100,,history_sqlite_unmapped
VFLM 5101,VFLM 5101,,history_sqlite_unmapped
VFLM 5102,VFLM 5102,,history_sqlite_unmapped
VFLM 5103,VFLM 5103,,history_sqlite_unmapped
VFLM 5104,VFLM 5104,,history_sqlite_unmapped
VFLM 5105,VFLM 5105,,history_sqlite_unmapped
VFLM 5106,VFLM 5106,,history_sqlite_unmapped
VFLM 5107,VFLM 5107,,history_sqlite_unmapped
VFLM 5108,VFLM 5108,,history_sqlite_unmapped
VFLM 5109,VFLM 5109,,history_sqlite_unmapped
VFLM 5110,VFLM 5110,,history_sqlite_unmapped
VFLM 5111,VFLM 5111,,history_sqlite_unmapped
VFLM 5112,VFLM 5112,,history_sqlite_unmapped
VFLM 5113,VFLM 5113,,history_sqlite_unmapped
VFLM 5114,VFLM 5114,,history_sqlite_unmapped
VFLM 5115,VFLM 5115,,history_sqlite_unmapped
VFLM 5116,VFLM 5116,,history_sqlite_unmapped
VFLM 5117,VFLM 5117,,history_sqlite_unmapped
VFLM 5118,VFLM 5118,,history_sqlite_unmapped
VFLM 5119,VFLM 5119,,history_sqlite_unmapped
VFLM 5120,VFLM 5120,,history_sqlite_unmapped
VFLM 5121,VFLM 5121,,history_sqlite_unmapped
VFLM 5122,VFLM 5122,,history_sqlite_unmapped
VFLM 5123,VFLM 5123,,history_sqlite_unmapped
VFLM 5124,VFLM 5124,,history_sqlite_unmapped
VFLM 5125,VFLM 5125,,history_sqlite_unmapped
VFLM 5126,VFLM 5126,,history_sqlite_unmapped
VFLM 5127,VFLM 5127,,history_sqlite_unmapped
VFLM 5128,VFLM 5128,,history_sqlite_unmapped
VFLM 5129,VFLM 5129,,history_sqlite_unmapped
VFLM 5130,VFLM 5130,,history_sqlite_unmapped
VFLM 5131,VFLM 5131,,history_sqlite_unmapped
VFLM 5132,VFLM 5132,,history_sqlite_unmapped
VFLM 5133,VFLM 5133,,history_sqlite_unmapped
VFLM 5134,VFLM 5134,,history_sqlite_unmapped
VFLM 5135,VFLM 5135,,history_sqlite_unmapped
VFLM 5136,VFLM 5136,,history_sqlite_unmapped
VFLM 5137,VFLM 5137,,history_sqlite_unmapped
VFLM 5138,VFLM 5138,,history_sqlite_unmapped
VFLM 5139,VFLM 5139,,history_sqlite_unmapped
VFLM 5140,VFLM 5140,,history_sqlite_unmapped
VFLM 5141,VFLM 5141,,history_sqlite_unmapped
VFLM 5142,VFLM 5142,,history_sqlite_unmapped
VFLM 5143,VFLM 5143,,history_sqlite_unmapped
VFLM 5144,VFLM 5144,,history_sqlite_unmapped
VFLM 5145,VFLM 5145,,history_sqlite_unmapped
VFLM 5146,VFLM 5146,,history_sqlite_unmapped
VFLM 5147,VFLM 5147,,history_sqlite_unmapped
VFLM 5148,VFLM 5148,,history_sqlite_unmapped
VFLM 5149,VFLM 5149,,history_sqlite_unmapped
VFLM 5150,VFLM 5150,,history_sqlite_unmapped
VFLM 5151,VFLM 5151,,history_sqlite_unmapped
VFLM 5152,VFLM 5152,,history_sqlite_unmapped
VFLM 5153,VFLM 5153,,history_sqlite_unmapped
VFLM 5154,VFLM 5154,,history_sqlite_unmapped
VFLM 5155,VFLM 5155,,history_sqlite_unmapped
VFLM 5156,VFLM 5156,,history_sqlite_unmapped
VFLM 5157,VFLM 5157,,history_sqlite_unmapped
VFLM 5158,VFLM 5158,,history_sqlite_unmapped
VFLM 5159,VFLM 5159,,history_sqlite_unmapped
VFLM 5160,VFLM 5160,,history_sqlite_unmapped
VFLM 5161,VFLM 5161,,history_sqlite_unmapped
VFLM 5162,VFLM 5162,,history_sqlite_unmapped
VFLM 5163,VFLM 5163,,history_sqlite_unmapped
VFLM 5164,VFLM 5164,,history_sqlite_unmapped
VFLM 5165,VFLM 5165,,history_sqlite_unmapped
VFLM 5166,VFLM 5166,,history_sqlite_unmapped
VFLM 5167,VFLM 5167,,history_sqlite_unmapped
VFLM 5168,VFLM 5168,,history_sqlite_unmapped
VFLM 5169,VFLM 5169,,history_sqlite_unmapped
VFLM 5170,VFLM 5170,,history_sqlite_unmapped
VFLM 5171,VFLM 5171,,history_sqlite_unmapped
VFLM 5172,VFLM 5172,,history_sqlite_unmapped
VFLM 5173,VFLM 5173,,history_sqlite_unmapped
VFLM 5174,VFLM 5174,,history_sqlite_unmapped
VFLM 5175,VFLM 5175,,history_sqlite_unmapped
VFLM 5176,VFLM 5176,,history_sqlite_unmapped
VFLM 5177,VFLM 5177,,history_sqlite_unmapped
VFLM 5178,VFLM 5178,,history_sqlite_unmapped
VFLM 5179,VFLM 5179,,history_sqlite_unmapped
VFLM 5180,VFLM 5180,,history_sqlite_unmapped
VFLM 5181,VFLM 5181,,history_sqlite_unmapped
VFLM 5182,VFLM 5182,,history_sqlite_unmapped
VFLM 5183,VFLM 5183,,history_sqlite_unmapped
VFLM 5184,VFLM 5184,,history_sqlite_unmapped
VFLM 5185,VFLM 5185,,history_sqlite_unmapped
VFLM 5186,VFLM 5186,,history_sqlite_unmapped
VFLM 5187,VFLM 5187,,history_sqlite_unmapped
VFLM 5188,VFLM 5188,,history_sqlite_unmapped
VFLM 5189,VFLM 5189,,history_sqlite_unmapped
VFLM 5190,VFLM 5190,,history_sqlite_unmapped
VFLM 5191,VFLM 5191,,history_sqlite_unmapped
VFLM 5192,VFLM 5192,,history_sqlite_unmapped
VFLM 5193,VFLM 5193,,history_sqlite_unmapped
VFLM 5194,VFLM 5194,,history_sqlite_unmapped
VFLM 5195,VFLM 5195,,history_sqlite_unmapped
VFLM 5196,VFLM 5196,,history_sqlite_unmapped
VFLM 5197,VFLM 5197,,history_sqlite_unmapped
VFLM 5198,VFLM 5198,,history_sqlite_unmapped
VFLM 5199,VFLM 5199,,history_sqlite_unmapped
VFLM 5200,VFLM 5200,,history_sqlite_unmapped
VFLM 5201,VFLM 5201,,history_sqlite_unmapped
VFLM 5202,VFLM 5202,,history_sqlite_unmapped
VFLM 5203,VFLM 5203,,history_sqlite_unmapped
VFLM 5204,VFLM 5204,,history_sqlite_unmapped
VFLM 5205,VFLM 5205,,history_sqlite_unmapped
VFLM 5206,VFLM 5206,,history_sqlite_unmapped
VFLM 5207,VFLM 5207,,history_sqlite_unmapped
VFLM 5208,VFLM 5208,,history_sqlite_unmapped
VFLM 5209,VFLM 5209,,history_sqlite_unmapped
VFLM 5210,VFLM 5210,,history_sqlite_unmapped
VFLM 5211,VFLM 5211,,history_sqlite_unmapped
VFLM 5212,VFLM 5212,,history_sqlite_unmapped
VFLM 5213,VFLM 5213,,history_sqlite_unmapped
VFLM 5214,VFLM 5214,,history_sqlite_unmapped
VFLM 5215,VFLM 5215,,history_sqlite_unmapped
VFLM 5216,VFLM 5216,,history_sqlite_unmapped
VFLM 5217,VFLM 5217,,history_sqlite_unmapped
VFLM 5218,VFLM 5218,,history_sqlite_unmapped
VFLM 5219,VFLM 5219,,history_sqlite_unmapped
VFLM 5220,VFLM 5220,,history_sqlite_unmapped
VFLM 5221,VFLM 5221,,history_sqlite_unmapped
VFLM 5222,VFLM 5222,,history_sqlite_unmapped
VFLM 5223,VFLM 5223,,history_sqlite_unmapped
VFLM 5224,VFLM 5224,,history_sqlite_unmapped
VFLM 5225,VFLM 5225,,history_sqlite_unmapped
VFLM 5226,VFLM 5226,,history_sqlite_unmapped
VFLM 5227,VFLM 5227,,history_sqlite_unmapped
VFLM 5228,VFLM 5228,,history_sqlite_unmapped
VFLM 5229,VFLM 5229,,history_sqlite_unmapped
VFLM 5230,VFLM 5230,,history_sqlite_unmapped
VFLM 5231,VFLM 5231,,history_sqlite_unmapped
VFLM 5232,VFLM 5232,,history_sqlite_unmapped
VFLM 5233,VFLM 5233,,history_sqlite_unmapped
VFLM 5234,VFLM 5234,,history_sqlite_unmapped
VFLM 5235,VFLM 5235,,history_sqlite_unmapped
VFLM 5236,VFLM 5236,,history_sqlite_unmapped
VFLM 5237,VFLM 5237,,history_sqlite_unmapped
VFLM 5238,VFLM 5238,,history_sqlite_unmapped
VFLM 5239,VFLM 5239,,history_sqlite_unmapped
VFLM 5240,VFLM 5240,,history_sqlite_unmapped
VFLM 5241,VFLM 5241,,history_sqlite_unmapped
VFLM 5242,VFLM 5242,,history_sqlite_unmapped
VFLM 5243,VFLM 5243,,history_sqlite_unmapped
VFLM 5244,VFLM 5244,,history_sqlite_unmapped
VFLM 5245,VFLM 5245,,history_sqlite_unmapped
VFLM 5246,VFLM 5246,,history_sqlite_unmapped
VFLM 5247,VFLM 5247,,history_sqlite_unmapped
VFLM 5248,VFLM 5248,,history_sqlite_unmapped
VFLM 5249,VFLM 5249,,history_sqlite_unmapped
VFLM 5250,VFLM 5250,,history_sqlite_unmapped
VFLM 5251,VFLM 5251,,history_sqlite_unmapped
VFLM 5252,VFLM 5252,,history_sqlite_unmapped
VFLM 5253,VFLM 5253,,history_sqlite_unmapped
VFLM 5254,VFLM 5254,,history_sqlite_unmapped
VFLM 5255,VFLM 5255,,history_sqlite_unmapped
VFLM 5256,VFLM 5256,,history_sqlite_unmapped
VFLM 5257,VFLM 5257,,history_sqlite_unmapped
VFLM 5258,VFLM 5258,,history_sqlite_unmapped
VFLM 5259,VFLM 5259,,history_sqlite_unmapped
VFLM 5260,VFLM 5260,,history_sqlite_unmapped
VFLM 5261,VFLM 5261,,history_sqlite_unmapped
VFLM 5262,VFLM 5262,,history_sqlite_unmapped
VFLM 5263,VFLM 5263,,history_sqlite_unmapped
VFLM 5264,VFLM 5264,,history_sqlite_unmapped
VFLM 5265,VFLM 5265,,history_sqlite_unmapped
VFLM 5266,VFLM 5266,,history_sqlite_unmapped
VFLM 5267,VFLM 5267,,history_sqlite_unmapped
VFLM 5268,VFLM 5268,,history_sqlite_unmapped
VFLM 5269,VFLM 5269,,history_sqlite_unmapped
VFLM 5270,VFLM 5270,,history_sqlite_unmapped
VFLM 5271,VFLM 5271,,history_sqlite_unmapped
VFLM 5272,VFLM 5272,,history_sqlite_unmapped
VFLM 5273,VFLM 5273,,history_sqlite_unmapped
VFLM 5274,VFLM 5274,,history_sqlite_unmapped
VFLM 5275,VFLM 5275,,history_sqlite_unmapped
VFLM 5276,VFLM 5276,,history_sqlite_unmapped
VFLM 5277,VFLM 5277,,history_sqlite_unmapped
VFLM 5278,VFLM 5278,,history_sqlite_unmapped
VFLM 5279,VFLM 5279,,history_sqlite_unmapped
VFLM 5280,VFLM 5280,,history_sqlite_unmapped
VFLM 5281,VFLM 5281,,history_sqlite_unmapped
VFLM 5282,VFLM 5282,,history_sqlite_unmapped
VFLM 5283,VFLM 5283,,history_sqlite_unmapped
VFLM 5284,VFLM 5284,,history_sqlite_unmapped
VFLM 5285,VFLM 5285,,history_sqlite_unmapped
VFLM 5286,VFLM 5286,,history_sqlite_unmapped
VFLM 5287,VFLM 5287,,history_sqlite_unmapped
VFLM 5288,VFLM 5288,,history_sqlite_unmapped
VFLM 5289,VFLM 5289,,history_sqlite_unmapped
VFLM 5290,VFLM 5290,,history_sqlite_unmapped
VFLM 5291,VFLM 5291,,history_sqlite_unmapped
VFLM 5292,VFLM 5292,,history_sqlite_unmapped
VFLM 5293,VFLM 5293,,history_sqlite_unmapped
VFLM 5294,VFLM 5294,,history_sqlite_unmapped
VFLM 5295,VFLM 5295,,history_sqlite_unmapped
VFLM 5296,VFLM 5296,,history_sqlite_unmapped
VFLM 5297,VFLM 5297,,history_sqlite_unmapped
VFLM 5298,VFLM 5298,,history_sqlite_unmapped
VFLM 5299,VFLM 5299,,history_sqlite_unmapped
VFLM 5300,VFLM 5300,,history_sqlite_unmapped
VFLM 5301,VFLM 5301,,history_sqlite_unmapped
VFLM 5302,VFLM 5302,,history_sqlite_unmapped
VFLM 5303,VFLM 5303,,history_sqlite_unmapped
VFLM 5304,VFLM 5304,,history_sqlite_unmapped
VFLM 5305,VFLM 5305,,history_sqlite_unmapped
VFLM 5306,VFLM 5306,,history_sqlite_unmapped
VFLM 5307,VFLM 5307,,history_sqlite_unmapped
VFLM 5308,VFLM 5308,,history_sqlite_unmapped
VFLM 5309,VFLM 5309,,history_sqlite_unmapped
VFLM 5310,VFLM 5310,,history_sqlite_unmapped
VFLM 5311,VFLM 5311,,history_sqlite_unmapped
VFLM 5312,VFLM 5312,,history_sqlite_unmapped
VFLM 5313,VFLM 5313,,history_sqlite_unmapped
VFLM 5314,VFLM 5314,,history_sqlite_unmapped
VFLM 5315,VFLM 5315,,history_sqlite_unmapped
VFLM 5316,VFLM 5316,,history_sqlite_unmapped
VFLM 5317,VFLM 5317,,history_sqlite_unmapped
VFLM 5318,VFLM 5318,,history_sqlite_unmapped
VFLM 5319,VFLM 5319,,history_sqlite_unmapped
VFLM 5320,VFLM 5320,,history_sqlite_unmapped
VFLM 5321,VFLM 5321,,history_sqlite_unmapped
VFLM 5322,VFLM 5322,,history_sqlite_unmapped
VFLM 5323,VFLM 5323,,history_sqlite_unmapped
VFLM 5324,VFLM 5324,,history_sqlite_unmapped
VFLM 5325,VFLM 5325,,history_sqlite_unmapped
VFLM 5326,VFLM 5326,,history_sqlite_unmapped
VFLM 5327,VFLM 5327,,history_sqlite_unmapped
VFLM 5328,VFLM 5328,,history_sqlite_unmapped
VFLM 5329,VFLM 5329,,history_sqlite_unmapped
VFLM 5330,VFLM 5330,,history_sqlite_unmapped
VFLM 5331,VFLM 5331,,history_sqlite_unmapped
VFLM 5332,VFLM 5332,,history_sqlite_unmapped
VFLM 5333,VFLM 5333,,history_sqlite_unmapped
VFLM 5334,VFLM 5334,,history_sqlite_unmapped
VFLM 5335,VFLM 5335,,history_sqlite_unmapped
VFLM 5336,VFLM 5336,,history_sqlite_unmapped
VFLM 5337,VFLM 5337,,history_sqlite_unmapped
VFLM 5338,VFLM 5338,,history_sqlite_unmapped
VFLM 5339,VFLM 5339,,history_sqlite_unmapped
VFLM 5340,VFLM 5340,,history_sqlite_unmapped
VFLM 5341,VFLM 5341,,history_sqlite_unmapped
VFLM 5342,VFLM 5342,,history_sqlite_unmapped
VFLM 5343,VFLM 5343,,history_sqlite_unmapped
VFLM 5344,VFLM 5344,,history_sqlite_unmapped
VFLM 5345,VFLM 5345,,history_sqlite_unmapped
VFLM 5346,VFLM 5346,,history_sqlite_unmapped
VFLM 5347,VFLM 5347,,history_sqlite_unmapped
VFLM 5348,VFLM 5348,,history_sqlite_unmapped
VFLM 5349,VFLM 5349,,history_sqlite_unmapped
VFLM 5350,VFLM 5350,,history_sqlite_unmapped
VFLM 5351,VFLM 5351,,history_sqlite_unmapped
VFLM 5352,VFLM 5352,,history_sqlite_unmapped
VFLM 5353,VFLM 5353,,history_sqlite_unmapped
VFLM 5354,VFLM 5354,,history_sqlite_unmapped
VFLM 5355,VFLM 5355,,history_sqlite_unmapped
VFLM 5356,VFLM 5356,,history_sqlite_unmapped
VFLM 5357,VFLM 5357,,history_sqlite_unmapped
VFLM 5358,VFLM 5358,,history_sqlite_unmapped
VFLM 5359,VFLM 5359,,history_sqlite_unmapped
VFLM 5360,VFLM 5360,,history_sqlite_unmapped
VFLM 5361,VFLM 5361,,history_sqlite_unmapped
VFLM 5362,VFLM 5362,,history_sqlite_unmapped
VFLM 5363,VFLM 5363,,history_sqlite_unmapped
VFLM 5364,VFLM 5364,,history_sqlite_unmapped
VFLM 5365,VFLM 5365,,history_sqlite_unmapped
VFLM 5366,VFLM 5366,,history_sqlite_unmapped
VFLM 5367,VFLM 5367,,history_sqlite_unmapped
VFLM 5368,VFLM 5368,,history_sqlite_unmapped
VFLM 5369,VFLM 5369,,history_sqlite_unmapped
VFLM 5370,VFLM 5370,,history_sqlite_unmapped
VFLM 5371,VFLM 5371,,history_sqlite_unmapped
VFLM 5372,VFLM 5372,,history_sqlite_unmapped
VFLM 5373,VFLM 5373,,history_sqlite_unmapped
VFLM 5374,VFLM 5374,,history_sqlite_unmapped
VFLM 5375,VFLM 5375,,history_sqlite_unmapped
VFLM 5376,VFLM 5376,,history_sqlite_unmapped
VFLM 5377,VFLM 5377,,history_sqlite_unmapped
VFLM 5378,VFLM 5378,,history_sqlite_unmapped
VFLM 5379,VFLM 5379,,history_sqlite_unmapped
VFLM 5380,VFLM 5380,,history_sqlite_unmapped
VFLM 5381,VFLM 5381,,history_sqlite_unmapped
VFLM 5382,VFLM 5382,,history_sqlite_unmapped
VFLM 5383,VFLM 5383,,history_sqlite_unmapped
VFLM 5384,VFLM 5384,,history_sqlite_unmapped
VFLM 5385,VFLM 5385,,history_sqlite_unmapped
VFLM 5386,VFLM 5386,,history_sqlite_unmapped
VFLM 5387,VFLM 5387,,history_sqlite_unmapped
VFLM 5388,VFLM 5388,,history_sqlite_unmapped
VFLM 5389,VFLM 5389,,history_sqlite_unmapped
VFLM 5390,VFLM 5390,,history_sqlite_unmapped
VFLM 5391,VFLM 5391,,history_sqlite_unmapped
VFLM 5392,VFLM 5392,,history_sqlite_unmapped
VFLM 5393,VFLM 5393,,history_sqlite_unmapped
VFLM 5394,VFLM 5394,,history_sqlite_unmapped
VFLM 5395,VFLM 5395,,history_sqlite_unmapped
VFLM 5396,VFLM 5396,,history_sqlite_unmapped
VFLM 5397,VFLM 5397,,history_sqlite_unmapped
VFLM 5398,VFLM 5398,,history_sqlite_unmapped
VFLM 5399,VFLM 5399,,history_sqlite_unmapped
VFLM 5400,VFLM 5400,,history_sqlite_unmapped
vf:season:3035337,,,history_sqlite_unmapped
vf:season:3035366,,,history_sqlite_unmapped
vf:season:3035396,,,history_sqlite_unmapped
vf:season:3035425,,,history_sqlite_unmapped
vf:season:3035452,,,history_sqlite_unmapped
vf:season:3035481,,,history_sqlite_unmapped
vf:season:3035508,,,history_sqlite_unmapped
vf:season:3035533,,,history_sqlite_unmapped
vf:season:3035569,,,history_sqlite_unmapped
vf:season:3035594,,,history_sqlite_unmapped
vf:season:3035626,,,history_sqlite_unmapped
vf:season:3035651,,,history_sqlite_unmapped
vf:season:3035684,,,history_sqlite_unmapped
vf:season:3035709,,,history_sqlite_unmapped
vf:season:3035739,,,history_sqlite_unmapped
vf:season:3035768,,,history_sqlite_unmapped
vf:season:3035797,,,history_sqlite_unmapped
vf:season:3035825,,,history_sqlite_unmapped
vf:season:3035854,,,history_sqlite_unmapped
vf:season:3035880,,,history_sqlite_unmapped
vf:season:3035908,,,history_sqlite_unmapped
vf:season:3035940,,,history_sqlite_unmapped
vf:season:3035969,,,history_sqlite_unmapped
vf:season:3035996,,,history_sqlite_unmapped
vf:season:3036026,,,history_sqlite_unmapped
vf:season:3036051,,,history_sqlite_unmapped
vf:season:3036082,,,history_sqlite_unmapped
vf:season:3036107,,,history_sqlite_unmapped
vf:season:3036140,,,history_sqlite_unmapped
vf:season:3036165,,,history_sqlite_unmapped
vf:season:3036196,,,history_sqlite_unmapped
vf:season:3036221,,,history_sqlite_unmapped
vf:season:3036253,,,history_sqlite_unmapped
vf:season:3036280,,,history_sqlite_unmapped
vf:season:3036310,,,history_sqlite_unmapped
vf:season:3036341,,,history_sqlite_unmapped
vf:season:3036366,,,history_sqlite_unmapped
vf:season:3036396,,,history_sqlite_unmapped
vf:season:3036422,,,history_sqlite_unmapped
vf:season:3036798,,,history_sqlite_unmapped
vf:season:3036823,,,history_sqlite_unmapped
vf:season:3036857,,,history_sqlite_unmapped
vf:season:3036882,,,history_sqlite_unmapped
vf:season:3036913,,,history_sqlite_unmapped
vf:season:3036939,,,history_sqlite_unmapped
vf:season:3036970,,,history_sqlite_unmapped
vf:season:3036995,,,history_sqlite_unmapped
vf:season:3037022,,,history_sqlite_unmapped
vf:season:3037054,,,history_sqlite_unmapped
vf:season:3037083,,,history_sqlite_unmapped
vf:season:3037110,,,history_sqlite_unmapped
vf:season:3037138,,,history_sqlite_unmapped
vf:season:3037169,,,history_sqlite_unmapped
vf:season:3037195,,,history_sqlite_unmapped
vf:season:3037226,,,history_sqlite_unmapped
vf:season:3037255,,,history_sqlite_unmapped
vf:season:3037279,,,history_sqlite_unmapped
vf:season:3037310,,,history_sqlite_unmapped
vf:season:3037336,,,history_sqlite_unmapped
vf:season:3037366,,,history_sqlite_unmapped
vf:season:3037393,,,history_sqlite_unmapped
vf:season:3037428,,,history_sqlite_unmapped
vf:season:3037453,,,history_sqlite_unmapped
vf:season:3037483,,,history_sqlite_unmapped
vf:season:3037509,,,history_sqlite_unmapped
vf:season:3037538,,,history_sqlite_unmapped
vf:season:3037567,,,history_sqlite_unmapped
vf:season:3037596,,,history_sqlite_unmapped
vf:season:3037628,,,history_sqlite_unmapped
vf:season:3037655,,,history_sqlite_unmapped
vf:season:3037683,,,history_sqlite_unmapped
vf:season:3037712,,,history_sqlite_unmapped
vf:season:3037736,,,history_sqlite_unmapped
vf:season:3037769,,,history_sqlite_unmapped
vf:season:3037795,,,history_sqlite_unmapped
vf:season:3037827,,,history_sqlite_unmapped
vf:season:3037853,,,history_sqlite_unmapped
vf:season:3037884,,,history_sqlite_unmapped
vf:season:3037910,,,history_sqlite_unmapped
vf:season:3037940,,,history_sqlite_unmapped
vf:season:3037968,,,history_sqlite_unmapped
vf:season:3037996,,,history_sqlite_unmapped
vf:season:3038023,,,history_sqlite_unmapped
vf:season:3038053,,,history_sqlite_unmapped
vf:season:3038082,,,history_sqlite_unmapped
vf:season:3038109,,,history_sqlite_unmapped
vf:season:3038139,,,history_sqlite_unmapped
vf:season:3038169,,,history_sqlite_unmapped
vf:season:3038196,,,history_sqlite_unmapped
vf:season:3038225,,,history_sqlite_unmapped
vf:season:3038249,,,history_sqlite_unmapped
vf:season:3038282,,,history_sqlite_unmapped
vf:season:3064791,,,history_sqlite_unmapped
vf:season:3064818,,,history_sqlite_unmapped
vf:season:3064848,,,history_sqlite_unmapped
vf:season:3064876,,,history_sqlite_unmapped
vf:season:3064903,,,history_sqlite_unmapped
vf:season:3064932,,,history_sqlite_unmapped
vf:season:3064962,,,history_sqlite_unmapped
vf:season:3064992,,,history_sqlite_unmapped
vf:season:3065018,,,history_sqlite_unmapped
vf:season:3065048,,,history_sqlite_unmapped
vf:season:3065073,,,history_sqlite_unmapped
vf:season:3065105,,,history_sqlite_unmapped
vf:season:3065132,,,history_sqlite_unmapped
vf:season:3065276,,,history_sqlite_unmapped
vf:season:3065302,,,history_sqlite_unmapped
vf:season:3065537,,,history_sqlite_unmapped
vf:season:3065564,,,history_sqlite_unmapped
vf:season:3065620,,,history_sqlite_unmapped
vf:season:3065645,,,history_sqlite_unmapped
vf:season:3065675,,,history_sqlite_unmapped
vf:season:3065880,,,history_sqlite_unmapped
vf:season:3065904,,,history_sqlite_unmapped
vf:season:3065934,,,history_sqlite_unmapped
vf:season:3065960,,,history_sqlite_unmapped
vf:season:3065991,,,history_sqlite_unmapped
vf:season:3066105,,,history_sqlite_unmapped
vf:season:3066134,,,history_sqlite_unmapped
vf:season:3066302,,,history_sqlite_unmapped
vf:season:3066333,,,history_sqlite_unmapped
vf:season:3067074,,,history_sqlite_unmapped
vf:season:3067271,,,history_sqlite_unmapped
vf:season:3067302,,,history_sqlite_unmapped
vf:season:3067360,,,history_sqlite_unmapped
vf:season:3067386,,,history_sqlite_unmapped
vf:season:3067420,,,history_sqlite_unmapped
vf:season:3067446,,,history_sqlite_unmapped
vf:season:3067529,,,history_sqlite_unmapped
vf:season:3067820,,,history_sqlite_unmapped
vf:season:3067849,,,history_sqlite_unmapped
vf:season:3067878,,,history_sqlite_unmapped
vf:season:3067904,,,history_sqlite_unmapped
vf:season:3067938,,,history_sqlite_unmapped
vf:season:3067967,,,history_sqlite_unmapped
vf:season:3067995,,,history_sqlite_unmapped
vf:season:3068023,,,history_sqlite_unmapped
vf:season:3068050,,,history_sqlite_unmapped
vf:season:3068081,,,history_sqlite_unmapped
vf:season:3068109,,,history_sqlite_unmapped
vf:season:3068141,,,history_sqlite_unmapped
vf:season:3068169,,,history_sqlite_unmapped
vf:season:3068197,,,history_sqlite_unmapped
vf:season:3068226,,,history_sqlite_unmapped
vf:season:3068251,,,history_sqlite_unmapped
vf:season:3068283,,,history_sqlite_unmapped
vf:season:3068543,,,history_sqlite_unmapped
vf:season:3068571,,,history_sqlite_unmapped
vf:season:3068600,,,history_sqlite_unmapped
vf:season:3068627,,,history_sqlite_unmapped
vf:season:3068771,,,history_sqlite_unmapped
vf:season:3068920,,,history_sqlite_unmapped
vf:season:3068947,,,history_sqlite_unmapped
vf:season:3069149,,,history_sqlite_unmapped
vf:season:3069178,,,history_sqlite_unmapped
vf:season:3069205,,,history_sqlite_unmapped
vf:season:3069233,,,history_sqlite_unmapped
vf:season:3069269,,,history_sqlite_unmapped
vf:season:3069292,,,history_sqlite_unmapped
vf:season:3069379,,,history_sqlite_unmapped
vf:season:3069988,,,history_sqlite_unmapped
vf:season:3070017,,,history_sqlite_unmapped
vf:season:3070047,,,history_sqlite_unmapped
vf:season:3070073,,,history_sqlite_unmapped
vf:season:3070105,,,history_sqlite_unmapped
vf:season:3070247,,,history_sqlite_unmapped
vf:season:3070422,,,history_sqlite_unmapped
vf:season:3070856,,,history_sqlite_unmapped
vf:season:3071114,,,history_sqlite_unmapped
vf:season:3071146,,,history_sqlite_unmapped
vf:season:3071490,,,history_sqlite_unmapped
vf:season:3071515,,,history_sqlite_unmapped
vf:season:3072124,,,history_sqlite_unmapped
vf:season:3072152,,,history_sqlite_unmapped
vf:season:3072181,,,history_sqlite_unmapped
vf:season:3072209,,,history_sqlite_unmapped
vf:season:3072240,,,history_sqlite_unmapped
vf:season:3072270,,,history_sqlite_unmapped
vf:season:3072296,,,history_sqlite_unmapped
vf:season:3072325,,,history_sqlite_unmapped
vf:season:3072354,,,history_sqlite_unmapped
vf:season:3072381,,,history_sqlite_unmapped
vf:season:3072413,,,history_sqlite_unmapped
vf:season:3072444,,,history_sqlite_unmapped
vf:season:3072472,,,history_sqlite_unmapped
vf:season:3072496,,,history_sqlite_unmapped
vf:season:3072529,,,history_sqlite_unmapped
vf:season:3072554,,,history_sqlite_unmapped
vf:season:3072583,,,history_sqlite_unmapped
vf:season:3072614,,,history_sqlite_unmapped
vf:season:3072645,,,history_sqlite_unmapped
vf:season:3072671,,,history_sqlite_unmapped
vf:season:3072703,,,history_sqlite_unmapped
vf:season:3072732,,,history_sqlite_unmapped
vf:season:3072758,,,history_sqlite_unmapped
vf:season:3072791,,,history_sqlite_unmapped
vf:season:3072820,,,history_sqlite_unmapped
vf:season:3072848,,,history_sqlite_unmapped
vf:season:3072875,,,history_sqlite_unmapped
vf:season:3072909,,,history_sqlite_unmapped
vf:season:3072935,,,history_sqlite_unmapped
vf:season:3072962,,,history_sqlite_unmapped
vf:season:3072995,,,history_sqlite_unmapped
vf:season:3073023,,,history_sqlite_unmapped
vf:season:3073050,,,history_sqlite_unmapped
vf:season:3073078,,,history_sqlite_unmapped
vf:season:3073108,,,history_sqlite_unmapped
vf:season:3073137,,,history_sqlite_unmapped
vf:season:3073167,,,history_sqlite_unmapped
vf:season:3073197,,,history_sqlite_unmapped
vf:season:3073221,,,history_sqlite_unmapped
vf:season:3073252,,,history_sqlite_unmapped
vf:season:3073278,,,history_sqlite_unmapped
vf:season:3073311,,,history_sqlite_unmapped
vf:season:3073336,,,history_sqlite_unmapped
vf:season:3073372,,,history_sqlite_unmapped
vf:season:3073396,,,history_sqlite_unmapped
vf:season:3073426,,,history_sqlite_unmapped
vf:season:3073452,,,history_sqlite_unmapped
vf:season:3073482,,,history_sqlite_unmapped
vf:season:3073508,,,history_sqlite_unmapped
vf:season:3073540,,,history_sqlite_unmapped
vf:season:3073570,,,history_sqlite_unmapped
vf:season:3073599,,,history_sqlite_unmapped
vf:season:3073627,,,history_sqlite_unmapped
vf:season:3073658,,,history_sqlite_unmapped
vf:season:3073686,,,history_sqlite_unmapped
vf:season:3073716,,,history_sqlite_unmapped
vf:season:3073743,,,history_sqlite_unmapped
vf:season:3073774,,,history_sqlite_unmapped
vf:season:3073799,,,history_sqlite_unmapped
vf:season:3073832,,,history_sqlite_unmapped
vf:season:3073859,,,history_sqlite_unmapped
vf:season:3073889,,,history_sqlite_unmapped
vf:season:3073917,,,history_sqlite_unmapped
vf:season:3073948,,,history_sqlite_unmapped
vf:season:3073974,,,history_sqlite_unmapped
vf:season:3074000,,,history_sqlite_unmapped
vf:season:3074031,,,history_sqlite_unmapped
vf:season:3074061,,,history_sqlite_unmapped
vf:season:3074091,,,history_sqlite_unmapped
vf:season:3075244,,,history_sqlite_unmapped
vf:season:3085275,,,history_sqlite_unmapped
vf:season:3085306,,,history_sqlite_unmapped
vf:season:3085335,,,history_sqlite_unmapped
vf:season:3085366,,,history_sqlite_unmapped
vf:season:3085392,,,history_sqlite_unmapped
vf:season:3085425,,,history_sqlite_unmapped
vf:season:3085451,,,history_sqlite_unmapped
vf:season:3085480,,,history_sqlite_unmapped
vf:season:3085510,,,history_sqlite_unmapped
vf:season:3085538,,,history_sqlite_unmapped
vf:season:3085567,,,history_sqlite_unmapped
vf:season:3085595,,,history_sqlite_unmapped
vf:season:3085622,,,history_sqlite_unmapped
vf:season:3085653,,,history_sqlite_unmapped
vf:season:3085678,,,history_sqlite_unmapped
vf:season:3085713,,,history_sqlite_unmapped
vf:season:3085738,,,history_sqlite_unmapped
vf:season:3085771,,,history_sqlite_unmapped
vf:season:3085793,,,history_sqlite_unmapped
vf:season:3085826,,,history_sqlite_unmapped
vf:season:3085852,,,history_sqlite_unmapped
vf:season:3085887,,,history_sqlite_unmapped
vf:season:3085915,,,history_sqlite_unmapped
vf:season:3085943,,,history_sqlite_unmapped
vf:season:3085973,,,history_sqlite_unmapped
vf:season:3086001,,,history_sqlite_unmapped
vf:season:3086031,,,history_sqlite_unmapped
vf:season:3086056,,,history_sqlite_unmapped
vf:season:3086090,,,history_sqlite_unmapped
vf:season:3086118,,,history_sqlite_unmapped
vf:season:3086149,,,history_sqlite_unmapped
vf:season:3086174,,,history_sqlite_unmapped
vf:season:3086202,,,history_sqlite_unmapped
vf:season:3086231,,,history_sqlite_unmapped
vf:season:3086263,,,history_sqlite_unmapped
vf:season:3086290,,,history_sqlite_unmapped
vf:season:3086319,,,history_sqlite_unmapped
vf:season:3086348,,,history_sqlite_unmapped
vf:season:3086378,,,history_sqlite_unmapped
vf:season:3086405,,,history_sqlite_unmapped
vf:season:3086434,,,history_sqlite_unmapped
vf:season:3089322,,,history_sqlite_unmapped
vf:season:3089354,,,history_sqlite_unmapped
vf:season:3089382,,,history_sqlite_unmapped
vf:season:3089414,,,history_sqlite_unmapped
vf:season:3089440,,,history_sqlite_unmapped
vf:season:3089469,,,history_sqlite_unmapped
vf:season:3089498,,,history_sqlite_unmapped
vf:season:3089525,,,history_sqlite_unmapped
vf:season:3089554,,,history_sqlite_unmapped
vf:season:3089583,,,history_sqlite_unmapped
vf:season:3089615,,,history_sqlite_unmapped
vf:season:3089643,,,history_sqlite_unmapped
vf:season:3089669,,,history_sqlite_unmapped
vf:season:3089699,,,history_sqlite_unmapped
